id,price,rating,number_of_reviews,double_door,single_door,minibar,reversible_doors,water_dispenser,white,silver,stainless_steel,dark_stainless_steel,metal_look,manufacturer,energy_class,total_net_volume,fridge_net_volume,annual_energy_consumption,daily_energy_consumption,height
FRIDGE_1,171.11,4.7,40,1,0,0,1,0,1,0,0,0,0,Heinner,E,206.0,169,172.0,0.47,143.0
FRIDGE_2,123.46,4.89,36,0,1,0,1,0,1,0,0,0,0,STARCREST,E,83.0,83,84.0,0.23,85.0
FRIDGE_3,172.48,5.0,2,1,0,0,1,0,1,0,0,0,0,TCL,E,207.0,167,172.0,0.47,144.0
FRIDGE_4,211.68,4.62,53,1,0,0,1,0,1,0,0,0,0,Arctic,E,223.0,177,183.0,0.5,146.5
FRIDGE_5,200.39,4.47,59,1,0,0,1,0,0,1,0,0,0,Heinner,E,206.0,169,172.0,0.47,143.0
FRIDGE_6,254.78,5.0,3,1,0,0,1,1,0,1,0,0,0,STARCREST,E,199.0,158,176.0,0.482,143.0
FRIDGE_7,278.32,5.0,6,1,0,0,1,0,0,1,0,0,0,Arctic,E,306.0,237,208.0,0.57,175.0
FRIDGE_8,274.38,4.86,14,1,0,0,1,0,1,0,0,0,0,Arctic,E,250.0,204,183.0,0.5,160.6
FRIDGE_9,152.68,4.75,8,0,1,0,1,0,0,0,0,0,0,STARCREST,E,91.0,91,85.0,0.23,83.0
FRIDGE_10,284.2,4.75,12,0,1,0,1,0,1,0,0,0,0,Arctic,E,286.0,286,109.0,0.3,150.8
FRIDGE_11,136.98,5.0,7,0,1,0,1,0,0,1,0,0,0,Arctic,E,89.0,89,85.0,0.23,84.0
FRIDGE_12,99.94,4.0,2,0,1,0,0,0,1,0,0,0,0,STARCREST,E,66.0,66,99.0,0.271,63.0
FRIDGE_13,200.33,4.47,59,1,0,0,1,0,0,1,1,0,0,Heinner,E,206.0,169,172.0,0.47,143.0
FRIDGE_14,303.78,4.41,17,1,0,0,1,0,0,1,0,0,0,Arctic,E,306.0,237,208.0,0.57,175.0
FRIDGE_15,274.4,4.41,17,1,0,0,1,0,1,0,0,0,0,Arctic,E,306.0,237,208.0,0.57,175.0
FRIDGE_16,147.41,0.0,0,0,1,0,1,0,1,0,0,0,0,Samus,E,131.0,131,90.0,0.25,84.5
FRIDGE_17,92.71,4.67,9,0,1,1,1,0,0,0,0,0,0,Heinner,E,41.0,41,79.0,0.22,51.0
FRIDGE_18,588.13,5.0,4,1,0,0,0,0,0,1,0,0,0,LG,E,461.0,361,250.0,0.68,184.5
FRIDGE_19,421.4,4.0,2,0,1,0,1,0,1,0,0,0,0,Beko,D,309.0,309,114.0,0.31,177.5
FRIDGE_20,174.27,4.84,25,1,0,0,1,0,1,0,0,0,0,Heinner,F,206.0,169,215.0,0.59,143.0
FRIDGE_21,274.38,4.38,13,1,0,0,1,0,0,1,0,0,0,Arctic,E,250.0,204,183.0,0.5,160.6
FRIDGE_22,227.18,5.0,2,1,0,0,1,1,0,1,0,0,0,Heinner,E,206.0,165,176.0,0.48,143.4
FRIDGE_23,303.8,4.5,14,1,0,0,1,0,0,1,0,0,0,Beko,E,306.0,237,208.0,0.57,175.0
FRIDGE_24,215.58,0.0,0,0,1,0,1,0,0,0,0,0,0,STARCREST,E,230.0,230,102.0,0.279,142.0
FRIDGE_25,426.72,5.0,1,0,1,0,0,0,0,1,1,0,0,Heinner,E,389.0,389,121.0,0.33,186.0
FRIDGE_26,200.2,4.47,59,1,0,0,1,0,0,0,0,0,0,Heinner,E,206.0,169,172.0,0.47,143.0
FRIDGE_27,100.34,4.67,9,0,1,1,1,0,0,1,0,0,0,Heinner,E,41.0,41,79.0,0.22,51.0
FRIDGE_28,146.98,4.89,36,0,1,0,1,0,0,1,1,0,0,STARCREST,E,83.0,83,84.0,0.23,85.0
FRIDGE_29,627.18,4.89,28,1,0,0,1,0,0,1,1,1,0,Beko,E,477.0,354,274.0,0.74,186.5
FRIDGE_30,156.78,4.78,45,0,1,0,0,0,0,0,0,0,0,STARCREST,E,85.0,85,84.0,0.23,84.0
FRIDGE_31,284.18,5.0,5,1,0,0,1,0,1,0,0,0,0,Beko,E,220.0,176,186.0,0.51,144.8
FRIDGE_32,372.4,5.0,2,1,0,0,0,0,1,0,0,0,0,LG,E,217.0,161,199.0,0.55,145.0
FRIDGE_33,97.98,4.82,38,0,1,1,0,0,1,0,0,0,0,STARCREST,F,46.0,46,100.0,0.27,49.5
FRIDGE_34,784.0,4.71,7,1,0,0,0,1,0,1,0,0,0,LG,E,592.0,418,323.0,0.884,184.0
FRIDGE_35,705.6,4.67,18,1,0,0,0,1,0,1,1,1,0,Samsung,E,462.0,354,257.0,0.7,182.5
FRIDGE_36,411.6,5.0,2,1,0,0,0,0,1,0,0,0,0,LG,E,266.0,208,203.0,0.56,168.0
FRIDGE_37,50.9,4.0,13,0,0,0,0,0,0,0,0,0,0,Adler,D,4.0,4,25.0,0.07,25.0
FRIDGE_38,217.61,0.0,0,1,0,0,1,0,1,0,0,0,0,Samus,E,250.0,201,178.0,0.49,161.0
FRIDGE_39,146.98,4.75,4,0,1,0,1,0,1,0,0,0,0,Arctic,E,88.0,88,85.0,0.23,85.0
FRIDGE_40,156.8,5.0,4,0,1,0,1,0,1,0,0,0,0,Daewoo,E,128.0,128,90.0,0.25,85.0
FRIDGE_41,742.84,4.73,11,1,0,0,0,1,0,1,1,0,0,Samsung,E,585.0,424,306.0,0.84,178.7
FRIDGE_42,199.89,4.75,40,1,0,0,1,0,0,1,0,0,0,Heinner,F,206.0,169,215.0,0.59,143.0
FRIDGE_43,464.77,5.0,1,1,0,0,0,0,0,1,0,0,1,Beko,E,250.0,182,216.0,0.59,165.0
FRIDGE_44,148.94,4.83,18,0,1,0,1,0,1,0,0,0,0,Arctic,E,89.0,89,85.0,0.23,84.0
FRIDGE_45,107.8,5.0,1,0,1,1,0,0,1,0,0,0,0,TCL,E,45.0,45,80.0,0.22,50.0
FRIDGE_46,238.23,0.0,0,0,1,0,1,0,1,0,0,0,0,Heinner,E,255.0,242,104.0,0.28,143.4
FRIDGE_47,176.33,0.0,0,1,0,0,1,0,1,0,0,0,0,Heinner,E,206.0,165,176.0,0.48,143.4
FRIDGE_48,195.98,4.69,52,0,1,0,1,0,1,0,0,0,0,Arctic,E,120.0,101,137.0,0.38,84.0
FRIDGE_49,137.18,5.0,13,0,1,0,0,0,0,0,0,0,0,Candy,E,90.0,90,85.0,0.23,85.0
FRIDGE_50,685.98,4.71,7,1,0,0,1,1,0,1,0,0,0,Beko,E,477.0,354,274.0,0.75,186.5
FRIDGE_51,133.26,4.5,2,0,1,0,0,0,0,0,0,0,0,STARCREST,E,92.0,92,86.0,0.235,83.8
FRIDGE_52,176.4,5.0,1,1,0,0,1,0,1,0,0,0,0,Albalux,E,213.0,163,176.0,0.48,143.0
FRIDGE_53,101.9,5.0,3,0,1,1,0,0,0,0,0,0,0,STARCREST,F,46.0,46,100.0,0.27,48.8
FRIDGE_54,529.18,4.67,3,1,0,0,0,0,0,1,1,0,0,Beko,E,375.0,277,245.0,0.67,172.0
FRIDGE_55,245.34,0.0,0,0,1,0,1,0,0,1,0,0,0,Heinner,E,255.0,255,105.0,0.29,145.5
FRIDGE_56,132.25,4.62,52,0,1,0,1,0,1,0,0,0,0,Arctic,E,93.0,90,85.0,0.23,84.0
FRIDGE_57,225.4,0.0,0,0,1,0,0,0,1,0,0,0,0,Beko,E,110.0,97,141.0,0.387,86.6
FRIDGE_58,244.05,5.0,5,1,0,0,1,0,0,1,0,0,0,Heinner,E,242.0,201,178.0,0.49,161.0
FRIDGE_59,244.49,0.0,0,1,0,0,1,0,1,0,0,0,0,Heinner,E,243.0,202,177.0,0.48,161.0
FRIDGE_60,646.78,5.0,2,1,0,0,0,0,0,0,0,0,0,LG,E,461.0,361,250.0,0.68,185.0
FRIDGE_61,479.2,4.64,11,1,0,0,1,0,1,0,0,0,0,Beko,E,437.0,322,254.0,0.696,185.0
FRIDGE_62,113.66,4.78,45,0,1,1,0,0,0,0,0,0,0,STARCREST,E,46.0,46,80.0,0.29,52.0
FRIDGE_63,189.32,5.0,2,1,0,0,1,0,0,0,0,0,0,Tesla,E,207.0,166,176.0,0.48,143.0
FRIDGE_64,240.17,0.0,0,1,0,0,0,0,0,0,0,0,0,Fram,E,212.0,171,177.0,0.48,145.0
FRIDGE_65,143.06,4.75,8,0,1,0,0,0,1,0,0,0,0,STARCREST,E,91.0,91,85.0,0.23,83.0
FRIDGE_66,803.6,4.46,56,1,0,0,0,0,0,1,1,0,0,Samsung,E,504.0,504,273.0,0.75,178.5
FRIDGE_67,127.4,0.0,0,0,1,0,1,0,0,1,0,0,0,Tesla,E,93.0,93,86.0,0.24,85.0
FRIDGE_68,129.36,5.0,1,0,1,0,0,0,1,0,0,0,0,Star-Light,E,93.0,93,86.0,0.235,86.4
FRIDGE_69,156.78,4.9,10,0,1,0,1,0,0,0,0,0,0,STARCREST,E,85.0,85,84.0,0.23,82.0
FRIDGE_70,480.2,0.0,0,1,0,0,0,0,0,0,0,0,0,Beko,E,375.0,277,245.0,0.67,172.0
FRIDGE_71,185.95,5.0,2,1,0,0,1,0,1,0,0,0,0,Tesla,E,207.0,166,176.0,0.48,143.0
FRIDGE_72,398.84,5.0,2,0,1,0,0,1,0,1,1,0,0,Heinner,E,389.0,389,121.0,0.33,186.0
FRIDGE_73,451.8,5.0,2,1,0,0,1,0,0,1,0,0,0,Heinner,E,415.0,321,244.0,0.67,178.0
FRIDGE_74,128.28,0.0,0,0,1,0,0,0,1,0,0,0,0,Heinner,E,90.0,90,85.0,0.23,85.0
FRIDGE_75,219.6,5.0,5,1,0,0,1,0,1,0,0,0,0,Heinner,E,242.0,201,178.0,0.49,161.0
FRIDGE_76,548.8,5.0,3,1,0,0,1,0,0,1,0,0,0,Beko,E,406.0,313,238.0,0.666,185.0
FRIDGE_77,156.8,4.64,66,0,1,0,1,0,1,0,0,0,0,Star-Light,F,93.0,93,107.0,0.3,85.0
FRIDGE_78,166.3,0.0,0,0,1,0,1,0,1,0,0,0,0,Heinner,E,122.0,105,145.0,0.4,83.8
FRIDGE_79,244.98,5.0,3,1,0,0,1,1,1,0,0,0,0,STARCREST,E,199.0,158,176.0,0.482,143.0
FRIDGE_80,217.76,5.0,1,1,0,0,1,0,0,1,0,0,0,Tesla,E,235.0,194,177.0,0.48,159.0
FRIDGE_81,719.73,4.64,11,1,0,0,0,0,0,0,0,0,0,Samsung,E,465.0,357,257.0,0.7,182.5
FRIDGE_82,137.18,4.0,1,0,1,0,1,0,1,0,0,0,0,STARCREST,E,93.0,93,86.0,0.23,86.4
FRIDGE_83,352.8,4.69,16,1,0,0,0,0,0,0,0,0,0,Fram,F,312.0,242,261.0,0.72,179.4
FRIDGE_84,627.2,4.64,11,1,0,0,1,0,0,0,0,0,1,Beko,E,477.0,354,274.2,0.74,185.5
FRIDGE_85,139.38,0.0,0,0,1,0,0,0,0,1,0,0,0,Heinner,E,90.0,90,85.0,0.23,85.0
FRIDGE_86,105.82,4.82,38,0,1,1,0,0,0,0,0,0,0,STARCREST,F,46.0,46,100.0,0.27,49.5
FRIDGE_87,211.51,5.0,3,1,0,0,1,0,0,1,0,0,0,Heinner,E,212.0,171,222.0,0.61,145.0
FRIDGE_88,572.64,4.14,7,1,0,0,0,0,0,1,1,0,0,Samsung,E,393.0,295,245.0,0.67,171.5
FRIDGE_89,372.4,4.03,65,1,0,0,1,0,0,1,0,0,0,Beko,F,306.0,237,260.0,0.71,175.0
FRIDGE_90,94.77,3.0,2,0,1,0,1,0,1,0,0,0,0,Heinner,E,41.0,41,79.0,0.22,51.0
FRIDGE_91,793.8,4.37,19,1,0,0,1,0,0,1,1,1,0,Beko,E,630.0,465,318.0,0.868,187.0
FRIDGE_92,251.22,0.0,0,1,0,0,0,0,0,0,0,0,0,FDD,E,212.0,171,177.0,0.48,145.0
FRIDGE_93,134.06,0.0,0,0,1,0,1,0,1,0,0,0,0,Tesla,E,93.0,93,86.0,0.24,85.0
FRIDGE_94,203.89,4.33,3,0,1,0,0,0,1,0,0,0,0,Unknown,A+,88.0,83,118.0,0.32,82.0
FRIDGE_95,626.98,5.0,6,1,0,0,1,1,0,0,0,0,1,Beko,E,477.0,354,274.0,0.75,186.5
FRIDGE_96,227.95,0.0,0,0,1,0,1,0,1,0,0,0,0,Samus,E,195.0,167,146.0,0.4,123.0
FRIDGE_97,196.0,0.0,0,0,1,0,1,0,1,0,0,0,0,Candy,F,125.0,92,216.0,0.59,116.0
FRIDGE_98,881.98,4.88,40,1,0,0,1,1,0,1,1,1,0,Beko,E,630.0,465,318.0,0.868,187.0
FRIDGE_99,235.18,0.0,0,0,1,0,1,0,1,0,0,0,0,STARCREST,E,230.0,230,102.0,0.279,142.0
FRIDGE_100,115.64,0.0,0,0,1,1,1,0,0,1,0,0,0,Arctic,E,46.0,46,80.0,0.343,49.6
FRIDGE_101,274.4,5.0,3,0,1,0,1,0,0,0,0,0,0,Beko,E,175.0,156,152.0,0.416,121.5
FRIDGE_102,415.45,5.0,1,0,1,0,0,1,1,0,0,0,0,Heinner,E,389.0,389,121.0,0.33,186.0
FRIDGE_103,548.78,5.0,3,0,1,0,1,0,1,0,0,0,0,Beko,E,365.0,365,143.0,0.39,186.5
FRIDGE_104,553.18,3.0,2,1,0,0,0,0,0,1,1,0,0,LG,E,335.0,256,227.0,0.62,172.0
FRIDGE_105,203.81,4.81,79,1,0,0,1,0,1,0,0,0,0,Heinner,F,205.0,165,221.0,0.61,143.4
FRIDGE_106,481.21,0.0,0,1,0,0,1,1,0,0,1,0,0,Heinner,E,413.0,319,244.0,0.67,178.0
FRIDGE_107,414.85,0.0,0,0,1,0,1,0,0,0,1,0,0,Tesla,E,362.0,362,118.0,0.324,185.0
FRIDGE_108,233.01,4.65,165,1,0,0,1,0,1,0,0,0,0,Arctic,F,223.0,177,228.0,0.62,146.5
FRIDGE_109,196.78,5.0,1,1,0,0,1,0,1,0,0,0,0,Unknown,E,215.0,169,172.0,0.47,143.0
FRIDGE_110,126.22,4.84,19,0,1,0,0,0,1,0,0,0,0,Unknown,E,93.0,93,86.0,0.29,45.0
FRIDGE_111,735.0,0.0,0,1,0,0,0,0,0,1,1,0,0,Samsung,E,530.0,404,275.0,0.75,185.5
FRIDGE_112,228.14,5.0,2,1,0,0,1,0,0,1,0,0,0,Tesla,E,207.0,166,176.0,0.48,143.0
FRIDGE_113,392.92,0.0,0,1,0,0,0,0,0,0,0,0,0,Fram,E,311.0,242,209.0,0.57,179.4
FRIDGE_114,127.4,5.0,9,0,1,1,1,0,1,0,0,0,0,Heinner,F,45.0,45,100.0,0.27,50.0
FRIDGE_115,189.73,5.0,1,1,0,0,1,0,1,0,0,0,0,Samus,E,215.0,169,172.0,0.47,143.0
FRIDGE_116,156.78,4.43,30,0,1,0,0,0,1,0,0,0,0,STARCREST,E,85.0,85,84.0,0.23,82.0
FRIDGE_117,234.08,5.0,1,1,0,0,1,0,1,0,0,0,0,Tesla,E,235.0,194,177.0,0.48,159.0
FRIDGE_118,334.09,4.18,40,1,0,0,1,0,1,0,0,0,0,Hotpoint,F,415.0,332,326.0,0.89,180.5
FRIDGE_119,513.8,4.0,5,1,0,0,0,0,0,1,0,0,0,LG,E,266.0,208,203.0,0.56,168.0
FRIDGE_120,208.63,4.67,3,1,0,0,1,0,1,0,0,0,0,Daewoo,E,204.0,163,176.0,0.48,143.0
FRIDGE_121,205.04,0.0,0,1,0,0,1,0,1,0,0,0,0,Heinner,E,212.0,171,222.0,0.61,145.0
FRIDGE_122,200.59,4.62,102,1,0,0,1,0,0,1,0,0,0,Heinner,F,212.0,171,222.0,0.61,144.0
FRIDGE_123,113.68,0.0,0,0,1,1,1,0,1,0,0,0,0,Arctic,E,46.0,46,80.0,0.343,49.6
FRIDGE_124,146.98,4.79,14,0,1,0,1,0,0,0,0,0,0,NEI,F,90.0,82,107.0,0.276,83.0
FRIDGE_125,376.22,4.75,4,0,1,0,0,0,1,0,0,0,0,Heinner,E,390.0,390,121.0,0.33,186.0
FRIDGE_126,450.78,0.0,0,1,0,0,1,0,1,0,0,0,1,Beko,E,313.0,240,220.0,0.603,172.0
FRIDGE_127,333.2,5.0,3,0,1,0,0,0,0,0,0,0,0,Unknown,A+,50.0,50,84.0,0.23,51.0
FRIDGE_128,215.6,4.33,9,1,0,0,1,0,1,0,0,0,0,Heinner,F,243.0,202,222.0,0.61,161.0
FRIDGE_129,568.4,0.0,0,1,0,0,0,0,1,0,0,0,0,Fram,E,311.0,242,209.0,0.57,179.4
FRIDGE_130,156.78,4.9,10,0,1,0,0,0,0,1,0,0,0,STARCREST,E,85.0,85,84.0,0.23,82.0
FRIDGE_131,193.59,0.0,0,1,0,0,1,0,1,0,0,0,0,Unknown,E,155.0,112,177.0,0.48,123.0
FRIDGE_132,200.88,5.0,1,1,0,0,1,0,0,1,1,0,0,Samus,E,215.0,169,172.0,0.47,143.0
FRIDGE_133,881.98,5.0,1,0,1,0,1,0,1,0,0,0,0,Bosch,D,310.0,310,91.0,0.25,177.2
FRIDGE_134,272.42,5.0,1,1,0,0,1,0,0,1,1,0,0,Samus,E,315.0,229,213.0,0.58,172.0
FRIDGE_135,1019.0,0.0,0,0,1,0,1,0,0,0,1,0,0,Liebherr,D,351.0,317,164.0,0.45,185.0
FRIDGE_136,784.0,0.0,0,0,1,0,1,0,1,0,0,0,0,Bosch,E,310.0,310,114.0,0.31,177.2
FRIDGE_137,260.06,4.61,38,0,1,0,1,0,1,0,0,0,0,Arctic,F,286.0,286,136.0,0.37,150.8
FRIDGE_138,588.0,5.0,1,0,1,0,1,0,1,0,0,0,0,Bosch,E,204.0,204,101.0,0.28,122.0
FRIDGE_139,492.36,0.0,0,1,0,0,1,0,0,0,0,0,1,Beko,E,313.0,240,220.0,0.603,172.0
FRIDGE_140,275.85,0.0,0,1,0,0,1,0,0,0,1,0,0,Daewoo,E,235.0,194,177.0,0.485,159.0
FRIDGE_141,725.2,5.0,2,1,0,0,0,1,0,0,0,0,0,LG,E,509.0,379,280.0,0.77,180.0
FRIDGE_142,313.6,0.0,0,1,0,0,0,0,1,0,0,0,0,Whirlpool,F,212.0,171,221.0,0.61,144.0
FRIDGE_143,495.88,5.0,1,1,0,0,1,1,0,0,1,0,0,Unknown,E,270.0,270,224.0,0.613,180.0
FRIDGE_144,125.42,0.0,0,0,1,0,0,0,1,0,0,0,0,LDK,E,83.0,83,84.0,0.23,85.0
FRIDGE_145,265.89,4.66,71,1,0,0,1,0,1,0,0,0,0,Arctic,F,250.0,204,228.0,0.62,160.6
FRIDGE_146,194.04,5.0,1,1,0,0,1,0,1,0,0,0,0,Sharp,F,213.0,171,222.0,0.61,145.0
FRIDGE_147,411.4,5.0,5,1,0,0,1,0,0,0,1,0,0,Liebherr,E,270.0,219,190.0,0.52,157.1
FRIDGE_148,352.6,4.83,41,1,0,0,1,1,0,1,0,0,0,Heinner,F,205.0,165,221.0,0.61,143.4
FRIDGE_149,494.19,0.0,0,1,0,0,1,0,0,0,1,0,0,Heinner,E,415.0,321,244.0,0.67,178.0
FRIDGE_150,362.58,5.0,3,1,0,0,0,0,1,0,0,0,0,Liebherr,E,233.0,190,181.0,0.5,140.0
FRIDGE_151,529.0,5.0,1,1,0,0,0,0,0,0,0,0,0,Snaige,E,209.0,162,184.0,0.504,155.0
FRIDGE_152,201.75,4.58,19,1,0,0,1,0,0,0,0,0,0,Heinner,F,206.0,169,215.0,0.59,143.0
FRIDGE_153,93.69,0.0,0,0,1,1,1,0,1,0,0,0,0,Samus,E,50.0,41,79.0,0.22,51.0
FRIDGE_154,562.32,5.0,3,0,1,0,1,0,0,1,0,0,0,Beko,E,365.0,365,143.0,0.39,186.5
FRIDGE_155,533.12,4.87,15,1,0,0,0,0,0,1,1,0,0,Samsung,E,348.0,268,226.0,0.62,171.0
FRIDGE_156,137.18,4.5,2,0,1,0,0,0,1,0,0,0,0,STARCREST,E,92.0,92,86.0,0.235,83.8
FRIDGE_157,235.2,4.35,20,1,0,0,0,0,1,0,0,0,0,Star-Light,E,204.0,163,176.0,0.482,143.0
FRIDGE_158,120.54,4.5,8,0,1,1,1,0,1,0,0,0,0,Unknown,F,46.0,41,118.0,0.32,50.0
FRIDGE_159,272.05,0.0,0,0,1,0,0,0,0,0,1,0,0,Bomann,D,133.0,133,72.0,0.197,84.5
FRIDGE_160,138.38,4.75,4,0,1,0,0,0,1,0,0,0,0,Candy,E,90.0,90,85.0,0.23,85.0
FRIDGE_161,529.2,4.5,16,0,1,0,1,0,1,0,0,0,0,Beko,F,402.0,402,153.0,0.42,185.0
FRIDGE_162,119.56,5.0,2,0,1,0,0,0,1,0,0,0,0,Candy,E,42.0,42,80.0,0.22,51.0
FRIDGE_163,818.3,0.0,0,0,1,0,1,0,0,0,0,0,0,Samsung,E,387.0,387,120.0,0.33,186.0
FRIDGE_164,124.19,0.0,0,0,1,0,0,0,1,0,0,0,0,Exquisit,F,47.0,47,100.0,0.27,50.0
FRIDGE_165,180.38,4.0,2,0,1,0,1,0,1,0,0,0,0,Heinner,E,135.0,135,91.0,0.25,83.8
FRIDGE_166,133.28,5.0,2,0,1,0,0,0,0,0,0,0,0,Candy,E,42.0,42,80.0,0.22,51.0
FRIDGE_167,249.51,5.0,1,1,0,0,1,0,0,1,1,0,0,Samus,E,255.0,248,187.0,0.51,165.0
FRIDGE_168,226.24,0.0,0,0,1,0,1,0,1,0,0,0,0,Samus,E,255.0,242,104.0,0.28,142.6
FRIDGE_169,205.25,4.62,102,1,0,0,1,0,0,0,0,0,0,Heinner,F,213.0,171,222.0,0.61,144.0
FRIDGE_170,587.98,5.0,4,0,1,0,1,0,1,0,0,0,0,Bosch,E,324.0,324,113.0,0.31,176.0
FRIDGE_171,233.86,5.0,1,1,0,0,0,0,0,1,0,0,0,Candy,E,211.0,211,176.0,0.48,143.0
FRIDGE_172,168.54,4.88,8,0,1,0,1,0,1,0,0,0,0,STARCREST,E,115.0,101,136.0,0.373,84.7
FRIDGE_173,111.72,4.0,18,0,1,0,1,0,0,1,0,0,0,Heinner,F,41.0,41,99.0,0.27,51.0
FRIDGE_174,470.4,0.0,0,1,0,0,0,0,0,1,0,0,0,LG,E,217.0,161,199.0,0.55,145.0
FRIDGE_175,390.17,0.0,0,1,0,0,0,0,1,0,0,0,0,Fram,E,311.0,242,209.0,0.57,179.4
FRIDGE_176,146.8,0.0,0,0,1,1,1,0,0,0,0,0,0,Exquisit,E,52.0,52,81.0,0.22,62.0
FRIDGE_177,124.19,0.0,0,0,1,0,0,0,0,0,0,0,0,Exquisit,F,47.0,47,100.0,0.27,50.0
FRIDGE_178,214.62,0.0,0,0,1,0,0,0,1,0,0,0,0,Unknown,A+,77.0,77,136.0,0.37,82.0
FRIDGE_179,470.2,5.0,1,1,0,0,0,0,1,0,0,0,0,Snaige,E,241.0,194,183.0,0.501,165.5
FRIDGE_180,9017.96,5.0,1,0,1,0,0,0,1,0,0,0,0,Smeg,G,244.0,270,245.0,0.67,153.0
FRIDGE_181,239.04,0.0,0,1,0,0,1,0,1,0,0,0,0,Daewoo,E,235.0,194,177.0,0.48,159.0
FRIDGE_182,147.85,0.0,0,0,1,0,1,0,0,0,0,0,0,Severin,E,45.0,45,80.0,0.22,50.0
FRIDGE_183,509.6,5.0,1,0,1,0,1,0,1,0,0,0,0,Bosch,E,136.0,136,92.0,0.25,87.0
FRIDGE_184,146.8,0.0,0,0,1,1,1,0,0,0,0,0,0,Exquisit,E,52.0,52,81.0,0.22,62.0
FRIDGE_185,180.32,4.5,2,0,0,0,0,0,0,0,0,0,0,Unknown,A,33.0,33,85.0,0.23,61.0
FRIDGE_186,411.05,5.0,5,1,0,0,1,0,1,0,0,0,0,Liebherr,E,270.0,219,190.0,0.52,157.1
FRIDGE_187,256.8,5.0,2,1,0,0,1,0,0,1,0,0,0,Heinner,E,242.0,201,178.0,0.49,161.0
FRIDGE_188,135.24,5.0,1,0,1,0,0,0,1,0,0,0,0,Vortex,F,65.0,65,103.0,0.28,51.0
FRIDGE_189,352.8,5.0,1,0,1,0,1,0,1,0,0,0,0,Electrolux,E,142.0,142,93.0,0.25,87.3
FRIDGE_190,432.89,5.0,1,0,1,0,1,0,0,1,1,0,0,Samus,E,370.0,359,118.0,0.32,185.0
FRIDGE_191,999.6,0.0,0,0,1,0,1,0,1,0,0,0,0,Electrolux,E,310.0,310,114.0,0.31,178.0
FRIDGE_192,235.18,4.57,21,1,0,0,0,0,0,1,1,0,0,NEI,F,138.0,98,186.0,0.51,128.0
FRIDGE_193,124.19,0.0,0,0,1,0,0,0,0,0,0,0,0,Exquisit,F,47.0,47,100.0,0.27,50.0
FRIDGE_194,525.66,0.0,0,1,0,0,0,0,0,0,0,0,0,Tesla,E,465.0,364,249.0,0.68,185.6
FRIDGE_195,343.0,0.0,0,0,1,0,1,0,1,0,0,0,0,Candy,E,286.0,253,176.0,0.48,177.0
FRIDGE_196,314.58,0.0,0,0,1,0,1,0,1,0,0,0,0,Bomann,C,109.0,95,89.0,0.24,85.0
FRIDGE_197,104.08,0.0,0,0,1,0,0,0,1,0,0,0,0,Vortex,F,43.0,43,100.0,0.27,47.2
FRIDGE_198,91.14,0.0,0,0,1,1,1,0,1,0,0,0,0,Tesla,E,43.0,43,80.0,0.22,49.2
FRIDGE_199,404.35,0.0,0,0,1,0,0,0,0,0,0,0,0,Heinner,E,390.0,390,121.0,0.33,186.0
FRIDGE_200,225.99,0.0,0,0,1,0,1,0,1,0,0,0,0,Albalux,E,245.0,230,102.0,0.28,142.0
FRIDGE_201,372.38,5.0,3,1,0,0,1,0,0,1,1,0,0,Liebherr,E,233.0,190,181.0,0.5,140.1
FRIDGE_202,187.28,0.0,0,0,1,1,1,0,1,0,0,0,0,Bomann,E,58.0,58,81.0,0.22,63.2
FRIDGE_203,176.4,0.0,0,0,1,0,0,0,0,1,0,0,0,Candy,E,106.0,91,141.0,0.38,84.0
FRIDGE_204,176.33,4.33,3,0,1,0,1,0,0,1,0,0,0,Heinner,F,92.0,92,107.0,0.29,84.2
FRIDGE_205,434.64,0.0,0,1,0,0,1,0,1,1,1,0,0,Unknown,E,450.0,321,244.0,0.67,178.0
FRIDGE_206,326.54,0.0,0,0,1,0,0,0,0,0,0,0,0,Unknown,A+,50.0,50,84.0,0.23,51.0
FRIDGE_207,784.0,0.0,0,0,1,0,1,0,0,1,1,0,0,Electrolux,E,390.0,390,121.0,0.33,186.0
FRIDGE_208,115.64,5.0,1,0,1,1,0,0,0,0,0,0,0,Vortex,F,47.0,47,100.0,0.27,48.5
FRIDGE_209,186.18,0.0,0,1,0,0,0,0,1,0,0,0,0,LDK,E,210.0,168,178.0,0.49,143.0
FRIDGE_210,382.05,0.0,0,0,0,0,0,0,1,0,0,0,0,Whirlpool,F,368.0,368,148.0,0.41,187.0
FRIDGE_211,146.8,0.0,0,0,1,0,0,0,1,0,0,0,0,Unknown,E,90.0,90,85.0,0.23,85.0
FRIDGE_212,490.87,5.0,1,1,0,0,0,0,0,0,1,0,0,Bomann,D,269.0,198,168.0,0.46,180.0
FRIDGE_213,588.0,0.0,0,0,1,0,0,0,1,0,0,0,0,Indesit,E,323.0,323,113.0,0.31,167.0
FRIDGE_214,249.7,0.0,0,1,0,0,1,0,1,0,0,0,0,Samus,E,255.0,198,187.0,0.51,165.0
FRIDGE_215,205.72,4.88,8,1,0,0,1,0,0,1,1,0,0,Heinner,F,206.0,169,215.0,0.59,143.0
FRIDGE_216,493.51,0.0,0,1,0,0,0,0,1,0,0,0,0,Tesla,E,465.0,364,249.0,0.68,185.6
FRIDGE_217,146.98,0.0,0,0,1,0,0,0,1,0,0,0,0,Unknown,E,83.0,83,84.0,0.23,86.0
FRIDGE_218,744.8,5.0,1,1,0,0,0,0,0,0,1,0,0,Whirlpool,E,424.0,317,320.0,0.88,180.0
FRIDGE_219,389.11,5.0,4,0,1,0,0,0,0,1,0,0,0,Heinner,E,389.0,390,121.0,0.33,186.0
FRIDGE_220,170.1,0.0,0,0,1,0,1,0,0,1,0,0,0,Heinner,E,94.0,94,86.0,0.24,84.0
FRIDGE_221,392.0,0.0,0,1,0,0,0,0,1,0,0,0,0,Candy,E,341.0,222,256.0,0.7,185.0
FRIDGE_222,121.4,3.0,2,0,1,0,1,0,1,0,0,0,0,Unknown,E,95.0,90,85.0,0.23,85.0
FRIDGE_223,349.86,4.56,73,1,0,0,1,0,1,0,0,0,0,Arctic,F,306.0,237,260.0,0.71,175.0
FRIDGE_224,373.18,4.61,106,1,0,0,1,0,0,1,0,0,0,Arctic,F,306.0,237,260.0,0.71,175.0
FRIDGE_225,131.3,0.0,0,0,1,0,0,0,0,1,0,0,0,LDK,E,83.0,83,84.0,0.23,85.0
FRIDGE_226,1234.8,5.0,1,0,1,0,1,0,0,1,1,0,0,Miele,D,399.0,399,98.0,0.27,185.5
FRIDGE_227,220.5,0.0,0,0,1,0,1,0,1,0,0,0,0,Heinner,E,255.0,255,105.0,0.29,145.5
FRIDGE_228,137.01,0.0,0,0,1,1,0,0,1,0,0,0,0,Unknown,E,66.0,66,99.0,0.271,63.0
FRIDGE_229,354.84,0.0,0,0,1,0,1,0,1,0,0,0,0,Severin,D,120.0,107,110.0,0.3,84.5
FRIDGE_230,212.36,0.0,0,0,0,0,0,0,0,0,0,0,0,Unknown,C,33.0,33,100.0,0.27,61.0
FRIDGE_231,803.6,0.0,0,1,0,0,1,0,0,0,1,0,0,Bosch,E,280.0,246,177.0,0.48,177.2
FRIDGE_232,303.21,0.0,0,0,0,0,0,0,0,0,0,0,0,Unknown,F,48.0,48,98.0,0.27,51.0
FRIDGE_233,213.42,0.0,0,0,1,0,1,0,1,0,0,0,0,Samus,F,199.0,199,126.0,0.35,123.0
FRIDGE_234,621.47,0.0,0,0,1,0,1,0,1,0,0,0,0,Bosch,D,110.0,93,119.0,0.33,82.0
FRIDGE_235,333.2,0.0,0,0,1,0,1,0,1,0,0,0,0,Candy,E,197.0,197,100.0,0.27,122.1
FRIDGE_236,279.42,4.0,1,1,0,0,0,0,1,0,0,0,0,Gorenje,E,124.0,124,163.0,0.45,117.0
FRIDGE_237,157.71,0.0,0,0,1,1,0,0,0,0,1,0,0,Bomann,E,42.0,42,80.0,0.22,51.0
FRIDGE_238,207.82,4.62,102,1,0,0,1,0,1,0,0,0,0,Heinner,F,212.0,171,222.0,0.61,144.0
FRIDGE_239,285.85,0.0,0,0,1,1,1,0,1,0,0,0,0,Exquisit,F,94.0,122,112.0,0.31,90.0
FRIDGE_240,215.4,0.0,0,1,0,0,0,0,1,0,0,0,0,Vortex,E,213.0,213,177.0,0.48,145.0
FRIDGE_241,676.18,3.75,4,1,0,0,1,0,0,1,1,0,0,Whirlpool,E,457.0,350,258.0,0.7,192.0
FRIDGE_242,183.33,0.0,0,0,1,1,1,0,0,0,1,0,0,Exquisit,E,75.0,75,84.0,0.23,84.3
FRIDGE_243,591.41,0.0,0,1,0,0,0,0,1,0,0,0,0,Unknown,E,211.0,172,174.0,0.47,150.0
FRIDGE_244,107.61,0.0,0,0,1,1,1,0,1,0,0,0,0,Unknown,E,43.0,43,80.0,0.22,49.2
FRIDGE_245,700.98,0.0,0,0,1,0,1,0,1,0,0,0,0,Gorenje,D,398.0,398,98.0,0.27,185.0
FRIDGE_246,1313.2,5.0,1,0,1,0,1,0,0,0,0,0,0,Miele,D,399.0,399,98.0,0.27,185.5
FRIDGE_247,891.6,5.0,1,1,0,0,0,0,0,0,0,0,1,Beko,E,557.0,405,303.0,0.83,186.0
FRIDGE_248,183.33,0.0,0,0,1,1,1,0,0,1,0,0,0,Exquisit,E,75.0,75,84.0,0.23,84.3
FRIDGE_249,146.8,0.0,0,0,1,1,0,0,1,0,0,0,0,Bomann,E,42.0,42,80.0,0.22,51.0
FRIDGE_250,135.04,0.0,0,0,1,0,1,0,1,0,0,0,0,Unknown,F,90.0,90,107.0,0.29,85.0
FRIDGE_251,344.99,0.0,0,0,1,1,1,0,0,0,0,0,0,TEFCOLD,G,24.0,24,113.0,0.31,50.5
FRIDGE_252,1096.23,4.5,2,0,1,0,0,0,0,0,0,0,0,Gorenje,E,254.0,229,161.0,0.34,154.0
FRIDGE_253,275.18,0.0,0,1,0,0,1,0,1,0,0,0,0,Candy,F,212.0,171,222.0,0.61,145.0
FRIDGE_254,205.25,4.6,58,1,0,0,1,0,1,0,0,0,0,Heinner,E,213.0,171,173.0,0.47,144.0
FRIDGE_255,215.6,0.0,0,1,0,0,0,0,1,0,0,0,0,Unknown,E,242.0,201,178.0,0.49,161.0
FRIDGE_256,183.33,0.0,0,0,1,0,1,0,0,0,0,0,0,Exquisit,E,75.0,75,84.0,0.23,84.3
FRIDGE_257,95.84,0.0,0,0,0,0,0,0,0,1,0,0,0,Unknown,E,26.0,26,76.0,0.21,34.2
FRIDGE_258,187.28,0.0,0,0,1,1,1,0,0,0,0,0,0,Bomann,E,58.0,58,81.0,0.22,63.2
FRIDGE_259,1283.07,0.0,0,0,1,0,1,0,1,0,0,0,0,Beko,E,286.0,286,109.0,0.298,150.8
FRIDGE_260,203.46,5.0,2,1,0,0,0,0,1,0,0,0,0,Unknown,F,206.0,169,215.0,0.59,143.0
FRIDGE_261,783.8,3.0,2,0,1,0,1,0,0,0,1,0,0,Liebherr,D,399.0,399,98.0,0.27,185.0
FRIDGE_262,394.27,0.0,0,0,1,0,0,0,1,0,0,0,0,Unknown,E,109.0,94,141.0,0.48,87.3
FRIDGE_263,235.18,0.0,0,1,0,0,0,0,0,0,0,0,0,LDK,E,213.0,171,177.0,0.48,144.0
FRIDGE_264,301.62,0.0,0,1,0,0,0,0,0,1,1,0,0,Bomann,E,175.0,122,195.0,0.534,143.0
FRIDGE_265,372.05,3.2,5,0,1,0,0,0,1,0,0,0,0,Fram,F,315.0,284,217.0,0.59,176.9
FRIDGE_266,408.66,0.0,0,0,1,0,1,0,1,0,0,0,0,Samus,E,330.0,304,113.0,0.31,178.5
FRIDGE_267,303.1,0.0,0,0,1,0,1,0,1,0,0,0,0,Liebherr,E,98.0,98,138.0,0.38,85.0
FRIDGE_268,132.12,0.0,0,0,1,0,0,0,0,0,0,0,0,Exquisit,F,47.0,47,100.0,0.27,50.0
FRIDGE_269,372.05,3.2,5,0,1,0,0,0,0,0,0,0,0,Fram,F,316.0,285,217.0,0.59,176.9
FRIDGE_270,508.26,0.0,0,1,0,0,1,0,1,0,0,0,0,Electrolux,E,124.0,110,143.0,0.39,88.0
FRIDGE_271,372.05,3.2,5,0,1,0,0,0,0,0,0,0,0,Fram,F,315.0,284,217.0,0.59,176.9
FRIDGE_272,350.05,0.0,0,1,0,0,1,0,0,0,1,0,0,Exquisit,E,206.0,206,137.0,0.38,143.0
FRIDGE_273,803.6,0.0,0,0,1,0,0,0,1,0,0,0,0,Haier,A,330.0,330,66.0,0.18,190.5
FRIDGE_274,212.46,0.0,0,0,1,0,1,0,1,0,0,0,0,Samus,E,125.0,104,142.0,0.39,88.0
FRIDGE_275,1450.4,5.0,2,1,0,0,0,0,0,0,0,0,0,Toshiba,E,446.0,446,316.0,0.87,184.0
FRIDGE_276,466.48,0.0,0,1,0,0,0,0,1,0,0,0,0,Liebherr,A++,124.1,152,176.0,0.481,124.1
FRIDGE_277,509.6,0.0,0,0,1,0,1,0,0,1,0,0,0,Liebherr,F,250.0,229,197.1,0.54,145.4
FRIDGE_278,295.7,0.0,0,1,0,0,1,0,0,1,0,0,0,Unknown,E,249.0,165,176.0,0.48,143.4
FRIDGE_279,466.48,0.0,0,0,0,0,0,0,1,0,0,0,0,Gorenje,F,256.0,256,287.0,0.79,182.4
FRIDGE_280,526.26,0.0,0,1,0,0,0,0,0,0,0,0,0,Snaige,E,209.0,162,184.0,0.504,147.5
FRIDGE_281,177.42,0.0,0,0,1,0,0,0,1,0,0,0,0,Bomann,E,88.0,88,85.0,0.233,83.1
FRIDGE_282,126.81,0.0,0,0,1,1,0,0,1,0,0,0,0,Unknown,F,43.0,41,100.0,0.27,49.2
FRIDGE_283,236.56,4.0,1,0,0,0,0,0,1,0,0,0,0,Bomann,D,120.0,120,110.0,0.3,84.5
FRIDGE_284,270.2,0.0,0,0,1,0,1,0,1,0,0,0,0,Gorenje,E,119.0,119,137.0,0.39,84.5
FRIDGE_285,147.0,0.0,0,0,1,0,1,0,1,0,0,0,0,Unknown,E,90.0,90,85.0,0.23,85.0
FRIDGE_286,1753.22,0.0,0,1,0,0,0,1,0,0,0,0,0,Samsung,E,330.0,330,301.0,0.82,177.0
FRIDGE_287,641.41,4.67,3,0,1,0,0,0,0,0,0,0,0,Unknown,A+,115.0,112,110.0,0.3,83.5
FRIDGE_288,421.38,0.0,0,1,0,0,0,0,1,0,0,0,0,LDK,F,397.0,304,299.0,0.82,177.0
FRIDGE_289,315.41,0.0,0,0,1,0,0,0,1,0,0,0,0,NEI,E,197.0,197,100.0,0.274,122.1
FRIDGE_290,374.56,0.0,0,0,1,0,0,0,0,0,0,0,0,Unknown,E,109.0,94,141.0,0.48,87.3
FRIDGE_291,1119.55,5.0,1,0,1,0,0,0,0,0,0,0,0,Gorenje,D,247.0,225,124.0,0.34,152.0
FRIDGE_292,431.2,0.0,0,1,0,0,1,0,1,0,0,0,0,Liebherr,E,233.0,189,181.0,0.495,140.1
FRIDGE_293,156.8,4.71,7,0,1,0,0,0,1,0,0,0,0,Unknown,F,89.0,77,136.0,0.37,82.0
FRIDGE_294,117.58,0.0,0,0,1,1,0,0,0,0,0,0,0,Unknown,F,41.0,41,99.0,0.27,51.0
FRIDGE_295,177.42,0.0,0,0,1,0,1,0,1,0,0,0,0,Exquisit,E,75.0,75,84.0,0.23,84.3
FRIDGE_296,290.38,0.0,0,1,0,0,0,0,0,1,0,0,0,Gorenje,E,165.0,165,176.0,0.48,143.6
FRIDGE_297,275.99,0.0,0,0,1,0,0,0,0,0,0,0,0,Unknown,E,31.0,31,76.0,0.21,54.0
FRIDGE_298,529.0,0.0,0,1,0,0,0,0,1,0,0,0,0,Snaige,E,209.0,162,184.0,0.504,147.7
FRIDGE_299,842.8,0.0,0,0,1,0,1,0,1,0,0,0,0,Liebherr,D,348.0,348,93.0,0.254,165.5
FRIDGE_300,235.18,0.0,0,0,1,0,0,0,1,0,0,0,0,LDK,F,240.0,240,128.0,0.35,143.5
FRIDGE_301,322.72,5.0,1,0,1,0,1,0,1,0,0,0,0,Liebherr,E,125.0,125,90.0,0.25,85.0
FRIDGE_302,274.36,5.0,2,1,0,0,1,0,0,0,1,0,0,Daewoo,F,235.0,194,221.0,0.6,159.0
FRIDGE_303,646.8,0.0,0,0,1,0,1,0,1,0,0,0,0,Bosch,E,134.0,134,93.0,0.25,82.0
FRIDGE_304,539.0,0.0,0,0,1,0,1,0,1,0,0,0,0,Bosch,E,165.0,165,96.0,0.26,102.0
FRIDGE_305,489.8,0.0,0,1,0,0,0,0,1,0,0,0,0,Sharp,F,331.0,230,312.0,0.854,186.0
FRIDGE_306,137.99,0.0,0,0,1,0,1,0,0,1,0,0,0,Bomann,E,45.0,41,80.0,0.219,50.0
FRIDGE_307,469.96,5.0,1,0,1,0,1,0,0,0,1,0,0,Liebherr,E,250.0,230,158.0,0.43,140.2
FRIDGE_308,166.6,5.0,1,0,1,0,1,0,1,0,0,0,0,Tesla,E,93.0,93,86.0,0.24,86.4
FRIDGE_309,137.99,0.0,0,0,1,1,1,0,0,0,0,0,0,Exquisit,F,40.0,40,79.0,0.22,51.0
FRIDGE_310,539.0,5.0,1,1,0,0,0,0,0,0,0,0,0,Bomann,E,250.0,186,201.0,0.55,188.5
FRIDGE_311,391.8,0.0,0,0,1,0,1,0,1,0,0,0,0,Liebherr,E,213.0,213,101.0,0.28,114.0
FRIDGE_312,210.7,5.0,1,1,0,0,0,0,1,0,0,0,0,Vortex,F,213.0,171,222.0,0.61,144.0
FRIDGE_313,235.2,0.0,0,1,0,0,0,0,0,0,0,0,0,LDK,E,243.0,201,178.0,0.49,160.0
FRIDGE_314,218.55,0.0,0,1,0,0,0,0,1,0,0,0,0,Candy,E,211.0,170,176.0,0.48,142.8
FRIDGE_315,333.53,0.0,0,0,1,0,0,0,0,1,0,0,0,Gorenje,E,242.0,242,104.0,0.28,143.0
FRIDGE_316,813.2,1.0,1,1,0,0,1,1,0,1,1,0,0,Whirlpool,E,584.0,445,296.0,0.8,186.0
FRIDGE_317,170.32,0.0,0,0,1,0,1,0,1,0,0,0,0,Unknown,E,125.0,121,89.0,0.24,84.0
FRIDGE_318,254.6,5.0,2,1,0,0,1,0,1,0,0,0,0,Heinner,E,242.0,201,178.0,0.49,161.0
FRIDGE_319,450.32,0.0,0,0,1,0,1,0,1,0,0,0,0,Liebherr,E,250.0,230,158.0,0.43,140.2
FRIDGE_320,352.61,0.0,0,1,0,0,0,0,0,1,1,0,0,Snaige,F,276.0,218,245.0,0.671,181.0
FRIDGE_321,474.89,0.0,0,0,1,0,0,0,1,0,0,0,0,Electrolux,E,208.0,208,101.0,0.28,122.0
FRIDGE_322,235.0,0.0,0,0,1,0,0,0,1,0,0,0,0,Sharp,E,89.0,77,108.0,0.3,82.1
FRIDGE_323,297.33,0.0,0,0,0,0,0,0,1,0,0,0,0,Unknown,F,85.0,61,207.0,0.57,85.0
FRIDGE_324,450.32,0.0,0,0,1,0,1,0,1,0,0,0,0,Liebherr,C,125.0,141,59.0,0.16,85.0
FRIDGE_325,862.2,3.0,2,0,1,0,1,0,0,1,1,0,0,Bosch,E,346.0,346,116.0,0.32,186.0
FRIDGE_326,394.27,0.0,0,0,1,0,0,0,0,0,0,0,0,Unknown,E,109.0,94,141.0,0.48,87.3
FRIDGE_327,460.6,0.0,0,0,1,0,0,0,0,1,0,0,0,Exquisit,E,229.0,229,102.0,0.28,146.5
FRIDGE_328,352.8,0.0,0,0,1,0,1,0,1,0,0,0,0,Liebherr,E,126.0,126,90.0,0.246,8.5
FRIDGE_329,231.37,0.0,0,0,1,0,0,0,1,0,0,0,0,Sharp,E,89.0,89,108.0,0.3,82.0
FRIDGE_330,492.84,0.0,0,1,0,0,1,0,0,0,1,0,0,Unknown,E,249.0,249,192.0,0.52,167.6
FRIDGE_331,394.27,0.0,0,0,1,0,0,0,1,0,0,0,0,Unknown,E,109.0,94,141.0,0.48,87.3
FRIDGE_332,206.19,0.0,0,1,0,0,0,0,1,0,0,0,0,Vortex,F,169.0,169,215.0,0.59,143.0
FRIDGE_333,921.0,3.0,2,0,1,0,1,0,1,0,0,0,0,Liebherr,E,288.0,261,171.0,0.468,178.8
FRIDGE_334,107.6,0.0,0,0,1,1,1,0,0,0,0,0,0,Unknown,E,43.0,43,80.0,0.22,49.2
FRIDGE_335,445.49,4.83,6,1,0,0,1,0,1,0,0,0,0,Liebherr,F,271.0,219,231.0,0.551,157.1
FRIDGE_336,294.0,0.0,0,0,1,0,1,0,1,0,0,0,0,Liebherr,F,143.0,125,183.0,0.5,85.0
FRIDGE_337,156.6,5.0,1,0,1,0,0,0,0,0,1,0,0,Unknown,E,93.0,93,86.0,0.235,85.0
FRIDGE_338,526.26,0.0,0,1,0,0,0,0,1,0,0,0,0,Unknown,E,209.0,209,184.0,0.504,147.5
FRIDGE_339,551.06,5.0,1,0,1,0,1,0,1,0,0,0,0,Bosch,E,119.0,104,144.0,0.39,87.0
FRIDGE_340,332.53,0.0,0,0,1,0,1,0,1,0,0,0,0,Liebherr,D,125.0,125,72.0,0.2,85.0
FRIDGE_341,489.8,5.0,1,1,0,0,0,0,0,0,0,0,0,Snaige,E,241.0,194,183.0,0.501,165.5
FRIDGE_342,1019.0,0.0,0,0,1,0,1,0,0,0,0,0,0,Liebherr,C,382.0,382,101.0,0.28,185.0
FRIDGE_343,580.77,0.0,0,0,1,0,1,0,1,0,0,0,0,Liebherr,F,249.0,249,131.0,0.36,125.0
FRIDGE_344,224.42,0.0,0,1,0,0,0,0,1,0,0,0,0,Unknown,E,117.0,89,165.0,0.452,111.7
FRIDGE_345,176.2,0.0,0,0,1,0,0,0,0,1,0,0,0,Unknown,F,81.0,74,132.0,0.36,80.0
FRIDGE_346,236.56,0.0,0,0,1,1,1,0,1,0,0,0,0,Exquisit,E,127.0,127,90.0,0.25,85.5
FRIDGE_347,258.82,0.0,0,0,1,0,0,0,1,1,0,0,0,Unknown,A+,88.0,83,120.0,0.33,82.0
FRIDGE_348,127.2,5.0,2,0,1,1,0,0,1,0,0,0,0,Heinner,F,43.0,43,100.0,0.27,51.0
FRIDGE_349,243.27,0.0,0,1,0,0,0,0,1,0,0,0,0,Bomann,E,165.0,165,176.0,0.481,143.4
FRIDGE_350,509.4,0.0,0,1,0,0,1,0,0,1,1,0,0,Unknown,E,300.0,295,239.0,0.655,186.9
FRIDGE_351,492.84,0.0,0,0,1,0,0,0,0,0,0,0,0,Unknown,F,92.0,107,176.0,0.48,84.0
FRIDGE_352,413.98,0.0,0,1,0,0,0,0,1,0,0,0,0,Bomann,E,208.0,160,184.0,0.504,149.0
FRIDGE_353,295.7,0.0,0,1,0,0,1,0,1,0,0,0,0,Unknown,E,206.0,165,176.0,0.48,143.4
FRIDGE_354,381.52,0.0,0,1,0,0,1,0,1,0,0,0,0,Liebherr,E,196.0,152,181.0,0.5,124.1
FRIDGE_355,450.6,0.0,0,1,0,0,1,0,0,1,1,0,0,Snaige,F,290.0,200,306.0,0.838,190.0
FRIDGE_356,921.0,0.0,0,1,0,0,0,1,0,1,0,0,0,TCL,E,631.0,630,357.0,0.978,176.8
FRIDGE_357,680.12,0.0,0,0,1,0,0,0,0,1,0,0,0,Unknown,E,246.0,194,189.0,0.52,166.5
FRIDGE_358,591.41,0.0,0,1,0,0,0,0,0,0,1,0,0,Bomann,C,268.0,197,134.0,0.367,180.0
FRIDGE_359,960.2,0.0,0,0,1,0,0,0,1,0,0,0,0,Liebherr,E,308.0,308,114.4,0.31,182.9
FRIDGE_360,1176.0,0.0,0,0,0,0,0,0,0,1,0,0,1,Beko,E,572.0,376,338.0,0.93,182.0
FRIDGE_361,117.58,0.0,0,0,1,1,0,0,1,0,0,0,0,Unknown,F,46.0,41,99.0,0.29,51.0
FRIDGE_362,274.4,0.0,0,1,0,0,0,0,0,1,0,0,0,Sharp,E,213.0,213,177.0,0.48,145.0
FRIDGE_363,262.19,0.0,0,0,1,0,1,0,1,0,0,0,0,Exquisit,E,104.0,118,142.0,0.39,90.0
FRIDGE_364,641.41,0.0,0,0,1,0,0,0,0,0,0,0,0,Unknown,A+,115.0,115,110.0,0.3,83.5
FRIDGE_365,1089.23,0.0,0,1,0,0,0,0,0,1,0,0,0,LG,E,509.0,509,280.0,0.77,180.0
FRIDGE_366,137.0,0.0,0,0,1,0,0,0,1,0,0,0,0,Unknown,E,83.0,79,84.0,0.23,85.0
FRIDGE_367,243.04,0.0,0,0,1,0,0,0,0,1,0,0,0,Sharp,E,89.0,89,108.0,0.3,82.0
FRIDGE_368,453.41,5.0,1,0,1,0,0,0,0,0,0,0,0,Severin,D,108.0,108,110.0,0.3,87.5
FRIDGE_369,878.09,5.0,2,0,1,0,1,0,0,1,1,0,0,Liebherr,E,399.0,399,123.0,0.34,185.5
FRIDGE_370,301.35,0.0,0,1,0,0,0,0,1,0,0,0,0,Candy,F,220.0,183,221.0,0.61,144.4
FRIDGE_371,394.27,5.0,1,0,1,0,1,0,0,1,0,0,0,Unknown,F,113.0,96,136.0,0.37,85.0
FRIDGE_372,391.8,0.0,0,1,0,0,0,0,1,0,0,0,0,Unknown,F,209.0,162,230.0,0.63,147.5
FRIDGE_373,293.61,5.0,1,0,1,0,1,0,1,0,0,0,0,Bomann,E,118.0,118,142.0,0.389,89.0
FRIDGE_374,137.99,1.0,1,0,1,1,1,0,0,0,0,0,0,Exquisit,F,41.0,41,99.0,0.27,49.5
FRIDGE_375,793.02,0.0,0,1,0,0,0,0,0,0,1,0,0,Samsung,E,412.0,412,245.0,0.67,178.5
FRIDGE_376,564.48,0.0,0,1,0,0,1,0,1,0,0,0,0,Electrolux,E,188.0,174,146.0,0.4,122.5
FRIDGE_377,460.6,0.0,0,1,0,0,0,0,0,1,0,0,0,Exquisit,E,206.0,162,180.0,0.49,146.5
FRIDGE_378,137.99,0.0,0,0,1,1,1,0,1,0,0,0,0,Unknown,F,43.0,43,100.0,0.27,49.2
FRIDGE_379,235.18,0.0,0,1,0,0,0,0,0,1,0,0,0,LDK,E,171.0,171,177.0,0.48,144.0
FRIDGE_380,492.84,0.0,0,1,0,0,0,0,0,0,0,0,0,Exquisit,E,206.0,162,180.0,0.49,146.5
FRIDGE_381,239.58,0.0,0,0,1,0,0,0,0,1,1,0,0,Candy,F,109.0,95,174.0,0.48,85.0
FRIDGE_382,176.2,0.0,0,0,1,0,0,0,1,0,0,0,0,Unknown,F,122.0,105,181.0,0.5,83.8
FRIDGE_383,529.0,5.0,1,1,0,0,0,0,0,0,0,0,0,Snaige,E,209.0,162,184.0,0.504,155.0
FRIDGE_384,646.61,5.0,4,0,1,0,1,0,0,0,1,0,0,Liebherr,D,348.0,348,93.0,0.25,165.5
FRIDGE_385,321.44,0.0,0,1,0,0,0,0,0,1,1,0,0,Samus,F,304.0,229,268.0,0.73,172.0
FRIDGE_386,1123.68,0.0,0,0,1,0,0,0,0,0,0,0,0,Unknown,D,281.0,260,128.0,0.35,150.0
FRIDGE_387,764.21,0.0,0,0,1,0,1,0,1,0,0,0,0,Liebherr,D,399.0,399,98.0,0.27,185.0
FRIDGE_388,354.84,0.0,0,1,0,0,0,0,0,0,0,0,0,Bomann,E,175.0,122,195.0,0.534,143.0
FRIDGE_389,1234.8,0.0,0,0,1,0,1,0,0,1,0,0,0,Bosch,E,289.0,289,150.0,0.41,177.0
FRIDGE_390,263.01,5.0,1,1,0,0,1,0,1,0,0,0,0,Tesla,F,235.0,194,221.0,0.61,159.0
FRIDGE_391,627.55,0.0,0,0,1,0,1,0,1,0,0,0,0,Bosch,E,187.0,172,147.0,0.4,122.0
FRIDGE_392,526.65,0.0,0,1,0,0,0,0,0,1,0,0,0,Samsung,E,305.0,305,212.0,0.58,171.5
FRIDGE_393,239.51,0.0,0,1,0,0,0,0,1,0,0,0,0,Unknown,E,206.0,169,172.0,0.471,143.0
FRIDGE_394,146.8,0.0,0,0,1,0,1,0,0,1,0,0,0,Unknown,E,93.0,93,86.0,0.24,86.0
FRIDGE_395,391.8,0.0,0,0,1,0,1,0,1,0,0,0,0,Liebherr,C,125.0,126,58.0,0.16,85.0
FRIDGE_396,335.13,0.0,0,0,1,0,0,0,0,0,1,0,0,Bomann,E,242.0,242,104.0,0.28,143.4
FRIDGE_397,820.15,0.0,0,0,1,0,1,0,1,0,0,0,0,Gorenje,E,301.0,301,113.0,0.31,177.2
FRIDGE_398,552.72,0.0,0,1,0,0,0,0,0,0,0,0,0,Unknown,D,206.0,162,144.0,0.39,144.5
FRIDGE_399,519.38,0.0,0,1,0,0,0,0,0,0,1,0,0,LDK,E,451.0,451,249.0,0.68,187.0
FRIDGE_400,268.41,0.0,0,0,1,0,0,0,1,0,0,0,0,Liebherr,E,110.0,110,88.0,0.24,85.0
FRIDGE_401,295.7,0.0,0,0,1,0,0,0,0,0,0,0,0,Unknown,E,31.0,31,100.0,0.27,54.0
FRIDGE_402,492.84,0.0,0,0,1,0,0,0,0,0,0,0,0,Unknown,F,92.0,107,176.0,0.48,84.0
FRIDGE_403,480.2,0.0,0,1,0,0,0,0,0,0,0,0,0,Snaige,F,300.0,175,288.0,0.79,200.0
FRIDGE_404,303.8,0.0,0,1,0,0,1,0,1,0,0,0,0,Daewoo,E,213.0,171,177.0,0.48,144.0
FRIDGE_405,492.84,0.0,0,0,1,0,0,0,0,0,0,0,0,Unknown,F,92.0,107,176.0,0.48,84.0
FRIDGE_406,851.33,4.14,7,1,0,0,0,0,1,0,0,0,0,Samsung,E,393.0,295,245.0,0.67,171.5
FRIDGE_407,313.4,0.0,0,0,1,0,0,0,0,0,0,0,0,Snaige,F,109.0,92,182.0,0.498,88.5
FRIDGE_408,176.4,0.0,0,0,1,0,1,0,1,0,0,0,0,Candy,E,106.0,91,141.0,0.38,84.0
FRIDGE_409,147.85,0.0,0,0,1,1,0,0,0,0,0,0,0,Unknown,F,43.0,43,100.0,0.27,48.0
FRIDGE_410,156.6,0.0,0,0,1,0,1,0,0,0,0,0,0,Unknown,E,93.0,93,86.0,0.24,86.0
FRIDGE_411,246.42,0.0,0,0,1,0,0,0,1,0,0,0,0,Bomann,E,120.0,107,137.0,0.375,84.5
FRIDGE_412,293.8,0.0,0,1,0,0,0,0,0,1,0,0,0,Sharp,F,213.0,213,222.0,0.61,144.0
FRIDGE_413,453.41,5.0,1,0,1,0,0,0,0,0,0,0,0,Severin,D,108.0,108,110.0,0.3,87.5
FRIDGE_414,680.12,0.0,0,0,1,0,0,0,0,0,0,0,0,Unknown,E,246.0,194,189.0,0.52,166.5
FRIDGE_415,190.12,0.0,0,0,1,0,0,0,1,0,0,0,0,Candy,F,90.0,90,107.0,0.29,85.0
FRIDGE_416,458.64,4.38,16,1,0,0,0,0,0,0,0,0,0,Fram,F,212.0,171,222.0,0.61,145.0
FRIDGE_417,352.6,0.0,0,1,0,0,1,0,0,1,1,0,0,Snaige,F,267.0,175,278.0,0.761,181.0
FRIDGE_418,979.61,0.0,0,0,0,0,0,0,0,0,0,0,0,Gorenje,D,247.0,247,126.0,0.35,60.0
FRIDGE_419,146.8,0.0,0,0,1,1,1,0,0,1,0,0,0,Exquisit,E,52.0,52,81.0,0.22,62.0
FRIDGE_420,1103.96,0.0,0,0,1,0,0,0,0,1,0,0,0,Unknown,D,281.0,260,128.0,0.35,150.0
FRIDGE_421,358.68,0.0,0,0,1,0,1,0,1,0,0,0,0,Pyramis,F,96.0,84,110.0,0.3,82.0
FRIDGE_422,761.26,0.0,0,1,0,0,0,0,0,1,1,1,0,Unknown,E,503.0,503,314.0,0.86,176.8
FRIDGE_423,230.3,0.0,0,1,0,0,0,0,1,0,0,0,0,Unknown,E,151.0,112,166.0,0.454,122.2
FRIDGE_424,725.2,0.0,0,0,1,0,0,0,1,0,0,0,0,Liebherr,D,157.0,157,116.0,0.317,104.0
FRIDGE_425,612.5,4.6,5,0,1,0,0,1,1,0,0,0,0,Heinner,F,389.0,389,152.0,0.42,186.0
FRIDGE_426,313.4,0.0,0,0,1,0,0,0,0,0,0,0,0,Snaige,F,109.0,92,182.0,0.498,88.5
FRIDGE_427,671.73,0.0,0,0,0,0,0,0,0,1,0,0,0,Bosch,E,282.0,282,237.0,0.65,176.0
FRIDGE_428,736.96,0.0,0,0,1,0,0,0,1,0,0,0,0,Pyramis,F,260.0,260,125.0,0.34,177.0
FRIDGE_429,343.98,0.0,0,1,0,0,0,0,1,0,0,0,0,Daewoo,E,243.0,201,178.0,0.49,160.0
FRIDGE_430,1274.0,1.0,1,1,0,0,0,0,0,1,1,0,0,Toshiba,E,446.0,446,316.0,0.87,184.0
FRIDGE_431,492.84,0.0,0,0,1,0,0,0,0,0,0,0,0,Unknown,F,92.0,107,176.0,0.48,84.0
FRIDGE_432,147.85,0.0,0,0,1,0,1,0,1,0,0,0,0,Severin,E,45.0,45,80.0,0.22,46.8
FRIDGE_433,230.69,5.0,2,0,1,0,0,0,1,0,0,0,0,Bomann,E,91.0,91,85.0,0.232,83.1
FRIDGE_434,453.39,5.0,1,0,1,0,0,0,0,0,0,0,0,Severin,D,108.0,108,110.0,0.3,87.5
FRIDGE_435,335.13,0.0,0,0,1,0,1,0,1,0,0,0,0,Bomann,E,181.0,181,146.0,0.401,122.0
FRIDGE_436,176.38,0.0,0,0,1,0,0,0,0,0,0,0,0,LDK,E,122.0,122,145.0,0.4,83.8
FRIDGE_437,1489.6,0.0,0,1,0,0,1,0,0,0,0,0,0,Miele,C,371.0,268,162.0,0.44,201.5
FRIDGE_438,382.01,0.0,0,1,0,0,0,0,0,0,0,0,0,Snaige,F,267.0,92,278.0,0.761,176.0
FRIDGE_439,170.5,0.0,0,0,1,0,0,0,1,0,0,0,0,LDK,E,122.0,122,145.0,0.4,83.8
FRIDGE_440,627.2,0.0,0,0,1,0,1,0,1,0,0,0,0,Miele,E,136.0,136,92.0,0.25,87.4
FRIDGE_441,236.56,0.0,0,0,1,0,1,0,1,0,0,0,0,Severin,E,82.0,75,125.0,0.34,84.5
FRIDGE_442,492.84,0.0,0,1,0,0,0,0,0,0,0,0,0,Exquisit,E,206.0,162,180.0,0.49,146.5
FRIDGE_443,177.42,4.0,1,0,1,0,0,0,0,0,0,0,0,Severin,E,32.0,32,147.0,0.4,49.6
FRIDGE_444,509.21,0.0,0,0,1,0,1,0,0,0,1,0,0,Liebherr,E,125.0,109,95.0,0.26,85.0
FRIDGE_445,1103.96,0.0,0,0,1,0,0,0,0,0,0,0,0,Unknown,D,281.0,260,128.0,0.35,150.0
FRIDGE_446,492.84,0.0,0,1,0,0,0,0,0,0,0,0,0,Exquisit,E,206.0,162,180.0,0.49,146.5
FRIDGE_447,391.8,0.0,0,1,0,0,0,0,1,0,0,0,0,Sharp,E,230.0,230,212.0,0.58,152.0
FRIDGE_448,209.72,5.0,2,0,1,1,1,0,1,0,0,0,0,Unknown,E,46.0,45,80.0,0.22,51.2
FRIDGE_449,413.98,0.0,0,1,0,0,0,0,0,0,0,0,0,Bomann,E,208.0,160,184.0,0.504,143.5
FRIDGE_450,764.2,0.0,0,0,1,0,0,1,0,0,0,0,0,Sharp,E,390.0,390,121.0,0.33,186.0
FRIDGE_451,979.8,4.21,39,1,0,0,1,1,0,1,0,0,0,Beko,F,446.0,343,322.0,0.88,185.0
FRIDGE_452,182.28,0.0,0,0,1,0,1,0,1,0,0,0,0,Unknown,F,82.0,82,132.0,0.36,83.8
FRIDGE_453,137.99,0.0,0,0,1,1,1,0,0,0,1,0,0,Exquisit,F,40.0,40,79.0,0.22,51.0
FRIDGE_454,359.19,5.0,3,1,0,0,0,0,1,0,0,0,0,Gorenje,F,205.0,165,221.0,0.61,143.4
FRIDGE_455,489.8,0.0,0,0,1,0,1,0,0,0,1,0,0,Liebherr,C,125.0,141,59.0,0.16,85.0
FRIDGE_456,225.2,0.0,0,0,1,0,0,0,1,0,0,0,0,Unknown,F,135.0,135,114.0,0.31,84.0
FRIDGE_457,492.84,0.0,0,0,1,0,0,0,0,0,0,0,0,Unknown,F,92.0,107,176.0,0.48,84.0
FRIDGE_458,501.47,0.0,0,0,1,0,0,0,1,0,0,0,0,Beko,F,175.0,175,190.0,0.52,122.0
FRIDGE_459,208.54,0.0,0,1,0,0,1,0,1,0,0,0,0,Tesla,F,207.0,166,221.0,0.61,143.0
FRIDGE_460,1028.59,0.0,0,1,0,0,0,0,0,1,0,0,0,Hisense,E,553.0,553,270.0,0.74,185.0
FRIDGE_461,764.2,4.53,17,1,0,0,1,0,0,1,0,0,0,Beko,F,406.0,313,304.0,0.83,185.0
FRIDGE_462,314.58,0.0,0,0,1,0,1,0,1,0,0,0,0,Exquisit,E,119.0,119,144.0,0.39,85.0
FRIDGE_463,607.4,0.0,0,0,0,0,0,0,0,0,1,0,0,Unknown,E,362.0,362,118.0,0.32,185.0
FRIDGE_464,209.72,1.0,1,0,1,1,1,0,0,1,0,0,0,Unknown,E,45.0,45,80.0,0.22,51.2
FRIDGE_465,581.63,0.0,0,0,1,0,1,0,1,0,0,0,0,Gorenje,E,199.0,199,101.0,0.28,122.5
FRIDGE_466,568.4,1.0,1,1,0,0,1,0,1,0,0,0,0,Electrolux,E,124.0,110,143.0,0.39,88.0
FRIDGE_467,1103.96,0.0,0,0,1,0,0,0,0,0,0,0,0,Unknown,D,281.0,260,128.0,0.35,150.0
FRIDGE_468,803.4,0.0,0,0,1,0,1,0,1,0,0,0,0,Liebherr,C,377.0,377,390.0,1.07,188.4
FRIDGE_469,215.4,0.0,0,0,1,0,0,0,1,0,0,0,0,Daewoo,F,122.0,105,181.0,0.5,84.0
FRIDGE_470,443.16,0.0,0,1,0,0,0,0,0,1,0,0,0,Liebherr,F,270.0,270,251.0,0.69,157.0
FRIDGE_471,545.27,5.0,1,1,0,0,0,0,0,1,1,0,0,Bomann,E,262.0,187,215.0,0.589,176.0
FRIDGE_472,295.7,0.0,0,0,1,0,1,0,0,0,0,0,0,Bomann,C,109.0,95,89.0,0.24,85.0
FRIDGE_473,165.93,0.0,0,0,1,0,0,0,0,1,1,0,0,Unknown,F,81.0,81,107.0,0.29,83.0
FRIDGE_474,176.2,5.0,2,0,1,0,0,0,0,1,0,0,0,LDK,F,88.0,88,106.0,0.29,85.3
FRIDGE_475,646.8,0.0,0,0,1,0,1,0,0,0,0,0,0,AEG,E,110.0,94,148.0,0.4,82.0
FRIDGE_476,146.8,0.0,0,0,1,0,0,0,1,0,0,0,0,Unknown,E,93.0,93,86.0,0.24,85.0
FRIDGE_477,211.68,0.0,0,0,1,0,0,0,1,0,0,0,0,Unknown,E,122.0,122,145.0,0.397,83.8
FRIDGE_478,932.96,4.82,28,1,0,0,0,0,0,1,0,0,0,Beko,F,375.0,277,275.0,0.75,172.0
FRIDGE_479,163.62,0.0,0,0,1,1,1,0,0,0,0,0,0,Unknown,F,43.0,43,100.0,0.27,49.2
FRIDGE_480,643.08,0.0,0,0,1,0,1,0,1,0,0,0,0,Liebherr,D,247.0,247,84.0,0.23,125.5
FRIDGE_481,686.89,3.75,4,1,0,0,1,0,1,0,0,0,0,Beko,F,313.0,240,276.0,0.75,172.0
FRIDGE_482,155.21,0.0,0,0,1,0,0,0,1,0,0,0,0,Unknown,E,90.0,90,85.0,0.23,86.0
FRIDGE_483,333.07,0.0,0,0,0,0,0,0,0,0,0,0,0,Whirlpool,F,134.0,134,116.0,0.32,87.5
FRIDGE_484,568.2,0.0,0,0,1,0,0,0,0,1,1,0,0,Unknown,F,390.0,390,152.0,0.42,186.0
FRIDGE_485,548.11,4.8,5,1,0,0,1,0,0,1,0,0,0,Liebherr,F,271.0,219,231.0,0.63,157.1
FRIDGE_486,275.99,0.0,0,0,1,0,0,0,0,0,0,0,0,Unknown,E,31.0,31,76.0,0.21,54.0
FRIDGE_487,333.0,0.0,0,0,1,0,1,0,0,1,0,0,0,Liebherr,E,98.0,98,138.0,0.38,85.0
FRIDGE_488,186.0,0.0,0,0,1,0,0,0,1,0,0,0,0,Unknown,E,90.0,90,86.0,0.24,82.1
FRIDGE_489,332.37,3.5,2,0,1,0,0,0,0,1,0,0,0,Klarstein,C,33.0,33,48.0,0.13,54.0
FRIDGE_490,391.8,0.0,0,1,0,0,0,0,0,0,0,0,0,Snaige,F,218.0,160,246.0,0.674,150.0
FRIDGE_491,171.5,0.0,0,0,1,1,0,0,1,0,0,0,0,Unknown,F,43.0,43,100.0,0.27,49.2
FRIDGE_492,331.63,0.0,0,0,1,0,1,0,0,0,0,0,0,Unknown,D,108.0,108,110.0,0.3,84.8
FRIDGE_493,195.81,0.0,0,0,1,0,0,0,1,0,0,0,0,Snaige,E,122.0,107,145.0,0.397,83.8
FRIDGE_494,167.56,0.0,0,0,1,1,1,0,1,0,0,0,0,Exquisit,E,45.0,45,80.0,0.22,50.0
FRIDGE_495,302.98,0.0,0,0,1,0,0,0,1,0,0,0,0,Indesit,F,134.0,134,116.0,0.32,87.5
FRIDGE_496,431.87,0.0,0,0,1,0,1,0,1,0,0,0,0,Beko,F,198.0,198,128.0,0.4,121.5
FRIDGE_497,167.58,0.0,0,0,1,0,0,0,1,0,0,0,0,Unknown,F,80.0,80,172.0,0.471,84.5
FRIDGE_498,862.4,0.0,0,0,1,0,1,0,1,0,0,0,0,Miele,D,119.0,104,115.0,0.31,87.4
FRIDGE_499,317.91,0.0,0,1,0,0,0,0,1,0,0,0,0,Unknown,F,210.0,172,224.0,0.613,144.5
FRIDGE_500,354.84,5.0,1,0,1,0,1,0,1,0,0,0,0,Unknown,F,113.0,96,136.0,0.37,82.0
FRIDGE_501,485.49,0.0,0,1,0,0,0,0,1,0,0,0,0,Unknown,E,252.0,252,195.0,0.534,172.5
FRIDGE_502,275.99,0.0,0,0,1,0,0,0,0,0,0,0,0,Unknown,E,31.0,31,100.0,0.27,54.0
FRIDGE_503,146.8,0.0,0,0,1,0,0,0,1,0,0,0,0,Unknown,F,93.0,83,107.0,0.29,85.0
FRIDGE_504,1282.82,0.0,0,0,1,0,1,0,1,0,1,0,0,Bosch,E,346.0,346,116.0,0.32,186.0
FRIDGE_505,1352.4,0.0,0,0,1,0,0,0,0,0,1,0,0,Liebherr,D,386.0,386,134.0,0.367,185.5
FRIDGE_506,283.12,0.0,0,0,1,1,0,0,1,0,0,0,0,Bomann,D,133.0,133,72.0,0.197,84.5
FRIDGE_507,667.07,5.0,2,0,1,0,1,0,1,0,0,0,0,Electrolux,E,309.0,309,112.0,0.31,155.0
FRIDGE_508,587.81,0.0,0,0,1,0,1,0,1,0,0,0,0,Liebherr,D,298.0,298,89.0,0.24,145.5
FRIDGE_509,264.4,0.0,0,1,0,0,0,1,1,0,0,0,0,Unknown,F,211.0,170,220.0,0.6,142.8
FRIDGE_510,328.87,0.0,0,1,0,0,0,0,1,0,0,0,0,Gorenje,E,206.0,206,176.0,0.48,144.0
FRIDGE_511,333.07,0.0,0,0,1,0,1,0,1,0,0,0,0,Candy,E,135.0,135,92.0,0.25,82.0
FRIDGE_512,440.41,0.0,0,1,0,0,0,0,0,0,0,0,0,Bomann,E,208.0,160,184.0,0.504,143.5
FRIDGE_513,450.6,0.0,0,0,1,0,0,0,0,0,0,0,0,Unknown,F,254.0,254,131.0,0.359,145.0
FRIDGE_514,423.63,0.0,0,0,1,0,0,0,0,0,0,0,0,Unknown,D,120.0,120,71.0,0.19,89.2
FRIDGE_515,245.0,0.0,0,1,0,0,0,0,1,0,0,0,0,Unknown,F,213.0,171,222.0,0.61,145.0
FRIDGE_516,383.68,5.0,1,0,1,0,1,0,1,0,0,0,0,Liebherr,F,122.0,107,139.0,0.38,85.0
FRIDGE_517,746.37,0.0,0,1,0,0,0,0,0,0,1,0,0,Samsung,E,393.0,393,245.0,0.67,171.5
FRIDGE_518,256.56,0.0,0,1,0,0,1,0,1,0,0,0,0,Unknown,F,219.0,213,222.0,0.61,145.0
FRIDGE_519,137.99,0.0,0,0,1,1,1,0,1,0,0,0,0,Exquisit,F,40.0,40,79.0,0.22,51.0
FRIDGE_520,470.38,0.0,0,1,0,0,0,0,1,0,0,0,0,LDK,E,451.0,353,249.0,0.68,186.0
FRIDGE_521,582.6,0.0,0,0,1,0,1,0,1,0,0,0,0,Electrolux,E,127.0,127,92.0,0.25,82.0
FRIDGE_522,270.07,0.0,0,0,1,1,1,0,1,0,0,0,0,Exquisit,D,133.0,133,72.0,0.2,85.0
FRIDGE_523,314.58,0.0,0,0,1,1,1,0,0,0,0,0,0,TEFCOLD,G,26.0,26,288.0,0.79,50.0
FRIDGE_524,295.7,0.0,0,0,1,0,1,0,1,0,1,0,0,Bomann,C,109.0,95,89.0,0.24,85.0
FRIDGE_525,245.0,0.0,0,1,0,0,0,0,0,0,1,1,0,Unknown,E,205.0,169,172.0,0.471,143.0
FRIDGE_526,230.69,0.0,0,0,1,1,1,0,0,0,0,0,0,Unknown,G,22.0,23,230.0,0.63,47.5
FRIDGE_527,601.26,0.0,0,0,1,0,0,0,1,0,0,0,0,Bomann,E,322.0,322,137.0,0.375,172.0
FRIDGE_528,653.07,5.0,7,0,1,0,0,0,1,0,0,0,0,Liebherr,E,145.0,145,92.0,0.16,85.0
FRIDGE_529,219.48,5.0,2,1,0,0,1,0,1,0,0,0,0,Samus,F,206.0,169,215.0,0.59,143.0
FRIDGE_530,846.66,0.0,0,0,1,0,1,0,0,0,0,0,0,Gorenje,E,398.0,398,122.64,0.34,191.0
FRIDGE_531,972.16,0.0,0,0,1,0,1,0,1,0,0,0,0,Gorenje,E,280.0,251,170.0,0.47,177.5
FRIDGE_532,267.54,0.0,0,1,0,0,1,0,1,0,0,0,0,Samus,E,230.0,169,219.0,0.6,145.0
FRIDGE_533,450.6,0.0,0,1,0,0,0,0,0,0,0,0,0,Snaige,F,292.0,200,284.0,0.78,185.0
FRIDGE_534,215.4,0.0,0,0,1,0,0,0,1,0,0,0,0,Unknown,E,113.0,113,142.0,0.389,85.0
FRIDGE_535,146.8,0.0,0,0,1,1,0,0,1,0,0,0,0,Bomann,E,45.0,45,80.0,0.219,50.0
FRIDGE_536,356.52,0.0,0,0,1,0,0,0,1,0,0,0,0,Bomann,E,242.0,242,104.0,0.28,143.4
FRIDGE_537,979.79,0.0,0,0,0,0,0,0,0,0,0,0,0,Liebherr,D,308.0,308,92.0,0.25,177.2
FRIDGE_538,177.42,0.0,0,0,1,0,1,0,1,0,0,0,0,Unknown,F,80.0,68,172.0,0.47,84.5
FRIDGE_539,171.5,0.0,0,0,1,1,0,0,0,0,0,0,0,Unknown,F,43.0,43,100.0,0.27,49.2
FRIDGE_540,315.41,0.0,0,0,1,1,0,0,0,0,0,0,0,Unknown,F,48.0,48,98.0,0.27,50.0
FRIDGE_541,542.12,5.0,1,1,0,0,0,0,1,0,0,0,0,Bomann,E,250.0,186,201.0,0.55,188.5
FRIDGE_542,147.85,0.0,0,0,1,1,0,0,0,0,0,0,0,Unknown,F,43.0,43,100.0,0.27,48.0
FRIDGE_543,470.2,5.0,1,0,1,0,1,0,1,0,0,0,0,Liebherr,C,111.0,97,91.0,0.25,85.0
FRIDGE_544,372.2,0.0,0,0,1,1,1,0,1,0,0,0,0,Liebherr,E,92.0,92,86.0,0.24,68.0
FRIDGE_545,352.8,0.0,0,0,1,0,1,0,1,0,0,0,0,Liebherr,E,111.0,97,142.0,0.389,8.5
FRIDGE_546,373.18,0.0,0,0,0,0,0,0,1,0,0,0,0,Unknown,E,131.0,131,90.0,0.25,85.0
FRIDGE_547,571.44,0.0,0,0,0,0,0,0,0,0,0,0,0,Gorenje,E,331.0,331,246.0,0.67,200.0
FRIDGE_548,1469.41,0.0,0,0,1,0,0,0,1,0,0,0,0,Smeg,D,122.0,122,115.0,0.32,97.0
FRIDGE_549,1013.12,0.0,0,0,0,0,0,0,0,0,0,0,0,Toshiba,F,341.0,341,369.0,1.01,189.8
FRIDGE_550,642.86,0.0,0,1,0,0,0,0,0,0,1,0,0,Unknown,E,283.0,213,214.0,0.59,151.7
FRIDGE_551,568.4,0.0,0,0,1,0,1,0,1,0,0,0,0,Electrolux,E,110.0,94,148.0,0.41,82.0
FRIDGE_552,315.41,0.0,0,0,1,1,0,0,0,0,0,0,0,Unknown,F,48.0,48,98.0,0.27,50.0
FRIDGE_553,607.4,0.0,0,0,1,0,1,0,0,1,0,0,0,Liebherr,D,298.0,298,89.0,0.243,145.5
FRIDGE_554,492.84,0.0,0,0,1,0,0,0,0,0,0,0,0,Unknown,F,92.0,107,176.0,0.48,84.0
FRIDGE_555,209.72,0.0,0,0,1,1,1,0,0,0,0,0,0,Unknown,E,45.0,45,80.0,0.22,51.2
FRIDGE_556,613.42,0.0,0,0,1,0,0,0,1,0,0,0,0,Gorenje,E,398.0,398,123.0,0.34,185.0
FRIDGE_557,1167.87,0.0,0,0,1,0,0,0,0,1,1,0,0,Unknown,D,580.0,580,1264.0,0.739,210.0
FRIDGE_558,532.27,0.0,0,1,0,0,0,0,0,0,0,0,0,Severin,E,206.0,162,180.0,0.49,144.0
FRIDGE_559,1744.4,0.0,0,0,1,0,0,0,1,0,0,0,0,Miele,C,294.0,294,100.0,0.27,177.2
FRIDGE_560,881.65,0.0,0,0,0,0,0,0,0,0,0,0,0,Gorenje,B,229.0,229,135.0,0.37,206.0
FRIDGE_561,467.46,0.0,0,1,0,0,0,0,0,0,0,0,0,Unknown,E,209.0,209,184.0,0.504,147.5
FRIDGE_562,206.78,0.0,0,0,1,0,0,0,0,1,0,0,0,Unknown,E,82.0,74,106.0,0.29,83.8
FRIDGE_563,325.06,0.0,0,0,1,1,1,0,0,0,0,0,0,TEFCOLD,G,35.0,35,292.0,0.8,56.0
FRIDGE_564,295.7,0.0,0,0,1,1,1,0,1,0,0,0,0,Bomann,E,133.0,129,92.0,0.247,89.0
FRIDGE_565,272.24,0.0,0,1,0,0,0,0,1,0,0,0,0,Unknown,E,210.0,168,178.0,0.49,143.0
FRIDGE_566,251.66,0.0,0,0,1,0,1,0,1,0,0,0,0,Severin,E,92.0,92,85.0,0.23,84.9
FRIDGE_567,548.11,4.0,1,1,0,0,1,0,1,0,0,0,0,Liebherr,F,234.0,190,212.0,0.58,140.1
FRIDGE_568,137.99,1.0,1,0,1,1,1,0,0,1,0,0,0,Exquisit,F,41.0,41,99.0,0.27,49.5
FRIDGE_569,913.66,0.0,0,0,1,0,1,0,0,1,1,0,0,Liebherr,E,399.0,399,123.0,0.337,185.5
FRIDGE_570,1002.93,0.0,0,0,1,0,0,0,0,1,1,0,0,Bosch,D,346.0,346,93.0,0.25,186.0
FRIDGE_571,2116.8,0.0,0,1,0,0,1,0,1,0,0,0,0,Miele,D,254.0,184,181.0,0.5,177.0
FRIDGE_572,372.4,0.0,0,1,0,0,1,0,1,0,0,0,0,Pyramis,F,248.0,198,234.0,0.64,165.0
FRIDGE_573,281.26,0.0,0,1,0,0,0,0,0,0,1,0,0,Unknown,F,213.0,171,222.0,0.61,144.0
FRIDGE_574,583.1,4.81,26,1,0,0,1,0,0,1,0,0,0,Liebherr,F,270.0,218,231.0,0.63,157.1
FRIDGE_575,1013.43,3.8,5,1,0,0,1,0,0,1,1,1,0,Beko,F,455.0,347,322.0,0.88,185.0
FRIDGE_576,480.2,0.0,0,1,0,0,0,0,0,0,0,0,0,Snaige,F,300.0,175,288.0,0.79,200.0
FRIDGE_577,453.41,5.0,1,0,1,0,0,0,0,0,0,0,0,Severin,D,108.0,108,110.0,0.3,87.5
FRIDGE_578,333.0,0.0,0,0,1,0,1,0,1,0,0,0,0,Liebherr,E,111.0,97,142.0,0.39,85.0
FRIDGE_579,391.8,0.0,0,1,0,0,0,0,0,0,0,0,0,Snaige,F,218.0,160,246.0,0.674,150.0
FRIDGE_580,401.17,3.33,3,1,0,0,1,0,0,1,0,0,0,Liebherr,F,234.0,190,212.0,0.512,140.1
FRIDGE_581,431.0,0.0,0,1,0,0,0,0,0,0,0,0,0,Snaige,E,218.0,160,197.0,0.539,150.0
FRIDGE_582,227.16,0.0,0,0,1,0,0,0,1,0,0,0,0,Candy,E,109.0,95,135.0,0.37,85.0
FRIDGE_583,387.18,4.83,6,0,1,0,1,0,1,0,0,0,0,Liebherr,E,144.0,126,146.0,0.266,85.0
FRIDGE_584,246.42,0.0,0,0,1,1,1,0,0,0,0,0,0,TEFCOLD,G,27.0,27,226.0,0.62,50.0
FRIDGE_585,911.4,0.0,0,0,1,0,1,0,0,1,1,0,0,LG,E,386.0,386,121.0,0.33,186.0
FRIDGE_586,413.98,5.0,1,0,1,0,1,0,0,0,0,0,0,Unknown,F,113.0,96,136.0,0.37,82.0
FRIDGE_587,466.28,0.0,0,0,0,0,0,0,0,0,0,0,0,Unknown,E,156.0,156,211.0,0.58,121.5
FRIDGE_588,256.27,0.0,0,0,1,0,0,0,0,1,1,0,0,Bomann,E,133.0,133,90.0,0.247,84.5
FRIDGE_589,304.09,4.0,1,0,1,0,1,0,0,1,0,0,0,Bomann,D,120.0,107,110.0,0.301,84.5
FRIDGE_590,240.88,0.0,0,0,1,0,0,0,0,0,0,0,0,Sharp,E,88.0,77,108.0,0.3,82.5
FRIDGE_591,1077.8,0.0,0,0,0,0,0,0,0,0,0,0,0,Liebherr,D,399.0,399,98.0,0.27,185.5
FRIDGE_592,1038.6,0.0,0,0,0,0,0,0,0,0,0,0,0,Liebherr,E,189.0,189,143.0,0.39,127.7
FRIDGE_593,531.79,0.0,0,1,0,0,0,0,0,1,0,0,0,Liebherr,E,271.0,271,190.0,0.52,157.0
FRIDGE_594,294.0,0.0,0,0,1,0,0,0,1,0,0,0,0,Pyramis,E,109.0,95,139.0,0.38,85.0
FRIDGE_595,744.8,0.0,0,0,1,0,0,0,1,0,0,0,0,Liebherr,F,119.0,104,138.0,0.378,82.0
FRIDGE_596,313.4,0.0,0,1,0,0,0,0,1,0,0,0,0,Sharp,E,213.0,213,177.0,0.48,145.0
FRIDGE_597,315.41,0.0,0,0,1,1,0,0,0,0,0,0,0,Unknown,F,48.0,48,98.0,0.27,50.0
FRIDGE_598,333.2,0.0,0,1,0,0,0,0,1,0,0,0,0,Pyramis,E,206.0,169,172.0,0.47,143.0
FRIDGE_599,842.8,0.0,0,0,1,0,1,0,1,0,0,0,0,Miele,D,187.0,172,118.0,0.32,122.1
FRIDGE_600,499.6,0.0,0,1,0,0,0,0,0,0,0,0,0,Snaige,F,310.0,218,289.0,0.79,200.0
FRIDGE_601,881.81,0.0,0,0,1,0,1,0,0,1,1,0,0,Liebherr,E,399.0,399,98.0,0.27,185.5
FRIDGE_602,1131.21,0.0,0,1,0,0,0,0,0,1,0,0,0,Grundig,D,477.0,477,214.0,0.59,186.5
FRIDGE_603,512.55,0.0,0,1,0,0,0,0,0,0,0,0,0,Severin,E,206.0,162,180.0,0.49,144.0
FRIDGE_604,492.84,0.0,0,0,1,0,0,0,0,1,0,0,0,Unknown,F,92.0,107,176.0,0.48,84.0
FRIDGE_605,323.38,0.0,0,1,0,0,1,0,0,0,0,0,0,Unknown,E,213.0,171,177.0,0.484,144.0
FRIDGE_606,711.62,0.0,0,1,0,0,0,0,0,0,1,0,0,Unknown,E,415.0,321,244.0,0.668,178.0
FRIDGE_607,195.21,0.0,0,0,1,0,0,0,0,1,1,0,0,Unknown,E,70.0,70,135.0,0.37,84.0
FRIDGE_608,335.55,0.0,0,0,1,0,1,0,1,0,0,0,0,Severin,D,120.0,120,71.0,0.19,84.5
FRIDGE_609,443.52,1.0,1,0,1,0,1,0,1,0,0,0,0,Gorenje,E,138.0,138,93.0,0.25,81.8
FRIDGE_610,1423.35,0.0,0,0,0,0,1,0,1,0,0,0,0,Bosch,D,280.0,246,142.0,0.39,177.5
FRIDGE_611,532.47,0.0,0,0,1,0,1,0,1,0,0,0,0,Gorenje,E,180.0,165,146.0,0.4,122.5
FRIDGE_612,178.26,0.0,0,0,1,1,1,0,1,0,0,0,0,Exquisit,E,75.0,75,84.0,0.23,84.3
FRIDGE_613,492.84,0.0,0,0,1,0,0,0,1,0,0,0,0,Unknown,F,92.0,107,176.0,0.48,84.0
FRIDGE_614,489.8,0.0,0,0,1,0,0,0,1,0,0,0,0,Unknown,E,396.0,396,122.0,0.33,186.0
FRIDGE_615,256.27,0.0,0,0,1,1,0,0,1,0,0,0,0,Bomann,E,133.0,133,90.0,0.247,84.5
FRIDGE_616,372.2,0.0,0,1,0,0,0,0,0,0,1,0,0,Sharp,E,243.0,243,178.0,0.488,160.0
FRIDGE_617,291.63,0.0,0,1,0,0,0,0,1,0,0,0,0,Unknown,E,170.0,170,176.0,0.48,149.0
FRIDGE_618,839.66,0.0,0,0,1,0,1,0,1,0,0,0,0,Liebherr,E,399.0,399,123.0,0.336,185.5
FRIDGE_619,349.86,0.0,0,0,1,0,0,0,1,0,0,0,0,Indesit,E,126.0,126,92.0,0.25,87.5
FRIDGE_620,1103.96,0.0,0,0,1,0,0,0,0,1,0,0,0,Unknown,D,281.0,260,128.0,0.35,150.0
FRIDGE_621,303.21,0.0,0,0,0,0,0,0,0,0,0,0,0,Unknown,F,136.0,136,116.0,0.32,81.8
FRIDGE_622,587.8,0.0,0,1,0,0,0,0,0,0,0,0,0,Snaige,E,252.0,194,195.0,0.534,172.5
FRIDGE_623,333.0,0.0,0,1,0,0,0,0,1,0,0,0,0,Unknown,F,262.0,197,255.0,0.698,177.3
FRIDGE_624,573.11,0.0,0,0,1,0,0,0,1,0,1,0,0,Unknown,B,200.0,200,971.0,2.66,83.8
FRIDGE_625,746.37,4.0,1,0,1,0,0,0,0,1,0,0,0,Liebherr,F,297.0,297,139.0,0.38,144.7
FRIDGE_626,391.84,0.0,0,0,0,0,0,0,0,0,0,0,0,Liebherr,D,143.0,143,113.0,0.31,85.0
FRIDGE_627,315.41,0.0,0,0,1,1,1,0,0,0,0,0,0,TEFCOLD,D,24.0,24,55.0,0.15,51.0
FRIDGE_628,275.99,0.0,0,0,1,1,1,0,0,0,0,0,0,TEFCOLD,G,34.0,34,230.0,0.63,56.0
FRIDGE_629,315.41,0.0,0,0,1,0,1,0,0,0,1,0,0,Exquisit,D,95.0,107,111.0,0.3,85.0
FRIDGE_630,374.56,0.0,0,0,1,0,0,0,0,0,0,0,0,Unknown,E,109.0,94,141.0,0.48,87.3
FRIDGE_631,396.51,0.0,0,0,0,0,0,0,0,0,0,0,0,Whirlpool,F,134.0,134,116.0,0.32,87.5
FRIDGE_632,1759.8,0.0,0,1,0,0,0,0,0,1,1,0,0,Unknown,C,900.0,900,124.0,0.173,195.0
FRIDGE_633,1349.48,0.0,0,1,0,0,0,0,1,0,0,0,0,Smeg,E,400.0,300,240.0,0.66,194.0
FRIDGE_634,1469.81,0.0,0,0,1,0,1,0,1,0,0,0,0,Liebherr,D,294.0,294,125.0,0.342,178.0
FRIDGE_635,374.56,0.0,0,0,1,0,0,0,0,0,0,0,0,Unknown,E,109.0,94,141.0,0.48,87.3
FRIDGE_636,629.75,0.0,0,0,1,0,0,0,0,1,0,0,0,Liebherr,A++,145.0,145,93.0,0.25,85.0
FRIDGE_637,315.41,0.0,0,0,1,1,0,0,0,1,0,0,0,Unknown,F,48.0,48,98.0,0.27,50.0
FRIDGE_638,313.4,0.0,0,0,1,0,0,0,0,0,0,0,0,Snaige,F,109.0,92,182.0,0.498,88.5
FRIDGE_639,979.79,0.0,0,0,1,0,1,0,1,0,0,0,0,Liebherr,C,382.0,382,101.0,0.28,185.0
FRIDGE_640,466.48,0.0,0,0,1,0,1,0,1,0,0,0,0,Liebherr,F,122.0,107,93.0,0.253,85.0
FRIDGE_641,335.13,0.0,0,0,1,1,1,0,0,0,0,0,0,TEFCOLD,D,34.0,34,57.0,0.16,56.5
FRIDGE_642,492.84,0.0,0,0,1,0,0,0,0,0,0,0,0,Unknown,F,92.0,107,176.0,0.48,84.0
FRIDGE_643,377.3,0.0,0,1,0,0,0,0,0,0,1,0,0,Unknown,E,243.0,201,178.0,0.49,160.0
FRIDGE_644,759.2,5.0,2,0,1,0,1,0,1,0,0,0,0,Electrolux,F,314.0,314,141.0,0.39,155.0
FRIDGE_645,1959.8,0.0,0,0,1,0,1,0,1,0,0,0,0,Liebherr,C,296.0,296,100.0,0.274,178.0
FRIDGE_646,769.89,0.0,0,0,0,0,0,0,0,0,0,0,0,Unknown,E,250.0,184,201.0,0.55,184.2
FRIDGE_647,315.41,0.0,0,0,1,1,0,0,0,0,0,0,0,Unknown,F,48.0,48,98.0,0.27,50.0
FRIDGE_648,591.41,0.0,0,1,0,0,0,0,1,0,0,0,0,Bomann,C,268.0,197,134.0,0.367,180.0
FRIDGE_649,235.0,0.0,0,0,1,0,0,0,0,1,0,0,0,Sharp,E,88.0,88,108.0,0.3,82.5
FRIDGE_650,233.24,0.0,0,0,0,0,0,0,0,0,0,0,0,Unknown,E,50.0,50,568.0,1.56,50.0
FRIDGE_651,304.09,0.0,0,0,1,1,1,0,0,0,0,0,0,Exquisit,G,43.0,43,228.0,0.62,56.0
FRIDGE_652,492.84,0.0,0,0,1,0,0,0,1,0,0,0,0,Unknown,F,92.0,107,176.0,0.48,84.0
FRIDGE_653,394.27,0.0,0,0,1,0,1,0,1,0,0,0,0,Exquisit,E,181.0,167,146.0,0.4,122.7
FRIDGE_654,314.87,0.0,0,0,0,0,0,0,0,0,0,0,0,Unknown,F,105.0,105,730.0,2.0,85.5
FRIDGE_655,492.84,0.0,0,0,1,0,0,0,0,0,0,0,0,Unknown,F,92.0,107,176.0,0.48,84.0
FRIDGE_656,456.48,0.0,0,0,0,0,0,0,0,0,0,0,0,Unknown,E,92.0,92,138.0,0.38,82.0
FRIDGE_657,492.84,0.0,0,0,1,0,0,0,0,0,0,0,0,Unknown,F,92.0,107,176.0,0.48,84.0
FRIDGE_658,295.7,0.0,0,0,1,0,0,0,0,0,1,0,0,Bomann,E,120.0,107,137.0,0.375,84.5
FRIDGE_659,315.41,0.0,0,0,1,1,0,0,0,0,0,0,0,Unknown,F,48.0,48,98.0,0.27,50.0
FRIDGE_660,3284.15,0.0,0,0,1,0,0,0,1,0,0,0,0,Miele,E,294.0,294,155.8,0.427,177.2
FRIDGE_661,1313.0,0.0,0,0,1,0,1,0,1,0,0,0,0,Liebherr,D,309.0,309,91.0,0.249,178.0
FRIDGE_662,323.38,0.0,0,0,1,0,0,0,1,0,0,0,0,Unknown,E,255.0,255,105.0,0.28,144.0
FRIDGE_663,251.9,0.0,0,0,1,0,0,0,1,0,0,0,0,Beko,E,101.0,101,137.0,0.38,84.0
FRIDGE_664,492.84,0.0,0,0,1,0,0,0,1,0,0,0,0,Unknown,F,92.0,107,176.0,0.48,84.0
FRIDGE_665,419.83,0.0,0,0,1,0,0,0,1,0,0,0,0,Gorenje,E,92.0,92,85.0,0.85,84.2
FRIDGE_666,272.63,0.0,0,0,1,1,1,0,0,0,0,0,0,Exquisit,G,34.0,34,228.0,0.62,56.0
FRIDGE_667,344.99,0.0,0,0,1,0,0,0,1,0,0,0,0,Exquisit,D,120.0,107,110.0,0.3,85.0
FRIDGE_668,842.0,0.0,0,1,0,0,0,0,0,1,0,0,0,Hisense,E,467.0,467,254.0,0.7,185.0
FRIDGE_669,362.69,0.0,0,0,1,0,0,0,1,0,0,0,0,Candy,F,135.0,135,116.0,0.32,83.0
FRIDGE_670,323.2,0.0,0,0,1,0,1,0,1,0,0,0,0,Liebherr,D,98.0,98,110.0,0.3,85.0
FRIDGE_671,394.27,0.0,0,0,1,0,1,0,1,0,0,0,0,Bomann,E,199.0,199,100.0,0.273,122.0
FRIDGE_672,380.18,0.0,0,0,1,0,0,0,1,0,0,0,0,Gorenje,E,242.0,242,104.0,0.28,143.0
FRIDGE_673,391.8,0.0,0,1,0,0,1,0,1,0,0,0,0,Unknown,E,312.0,242,209.0,0.57,175.0
FRIDGE_674,284.0,0.0,0,1,0,0,0,0,1,0,0,0,0,Unknown,E,171.0,171,177.0,0.48,144.0
FRIDGE_675,186.0,0.0,0,0,1,0,0,0,1,0,0,0,0,Unknown,E,82.0,74,106.0,0.29,83.8
FRIDGE_676,450.6,0.0,0,0,1,0,0,0,0,0,0,0,0,Unknown,F,254.0,254,131.0,0.359,145.0
FRIDGE_677,474.6,5.0,1,0,1,0,1,0,1,0,0,0,0,Liebherr,F,122.0,107,177.0,0.484,85.0
FRIDGE_678,384.85,0.0,0,0,1,0,0,0,0,0,0,0,0,Unknown,A+,50.0,50,84.0,0.23,51.0
FRIDGE_679,880.04,0.0,0,1,0,0,0,0,1,0,0,0,0,Hisense,E,381.0,381,239.0,0.65,172.0
FRIDGE_680,366.32,0.0,0,1,0,0,1,0,0,0,0,0,0,Unknown,E,243.0,201,178.0,0.49,160.0
FRIDGE_681,401.14,0.0,0,0,1,0,1,0,1,0,0,0,0,Gorenje,E,118.0,104,142.0,0.39,94.0
FRIDGE_682,774.36,0.0,0,1,0,0,0,0,0,1,0,0,0,Hisense,E,291.0,291,239.0,0.65,172.0
FRIDGE_683,340.43,0.0,0,1,0,0,0,0,0,1,0,0,0,Unknown,E,209.0,209,189.0,0.52,175.0
FRIDGE_684,470.21,0.0,0,0,1,0,1,0,1,0,0,0,0,Liebherr,C,125.0,109,95.0,0.26,85.0
FRIDGE_685,352.8,0.0,0,0,1,0,1,0,1,0,0,0,0,Liebherr,E,110.0,110,88.0,0.241,8.5
FRIDGE_686,701.48,0.0,0,1,0,0,0,0,0,0,0,0,0,Unknown,E,331.0,230,250.0,0.684,191.0
FRIDGE_687,380.04,0.0,0,1,0,0,0,0,1,0,0,0,0,Unknown,F,182.0,182,271.0,0.74,177.0
FRIDGE_688,253.82,0.0,0,1,0,0,1,0,1,0,0,0,0,Unknown,F,235.0,194,228.0,0.62,159.0
FRIDGE_689,1294.48,0.0,0,1,0,0,0,0,0,0,1,1,0,Grundig,D,557.0,557,242.0,0.66,186.0
FRIDGE_690,1103.96,0.0,0,0,1,0,0,0,0,0,0,0,0,Unknown,D,281.0,260,128.0,0.35,150.0
FRIDGE_691,354.52,0.0,0,1,0,0,0,0,0,1,0,0,0,Sharp,E,243.0,243,178.0,0.49,160.0
FRIDGE_692,274.0,0.0,0,1,0,0,1,0,1,0,0,0,0,Samus,F,205.0,169,219.0,0.6,145.0
FRIDGE_693,333.0,0.0,0,1,0,0,0,0,0,1,0,0,0,Unknown,F,262.0,197,255.0,0.698,177.3
FRIDGE_694,744.8,0.0,0,1,0,0,1,0,0,0,1,0,0,Pyramis,E,415.0,321,244.0,0.67,178.0
FRIDGE_695,629.75,0.0,0,0,1,0,0,0,1,0,0,0,0,Whirlpool,F,121.0,121,185.0,0.51,87.5
FRIDGE_696,315.41,0.0,0,0,1,1,0,0,0,1,0,0,0,Unknown,F,48.0,48,98.0,0.27,50.0
FRIDGE_697,620.42,0.0,0,1,0,0,0,0,1,0,0,0,0,Hisense,E,325.0,325,216.0,0.59,170.0
FRIDGE_698,620.54,0.0,0,0,1,0,1,0,1,0,0,0,0,Snaige,D,230.0,230,735.0,2.014,173.0
FRIDGE_699,816.34,0.0,0,1,0,0,0,0,0,1,0,0,0,LG,E,395.0,395,240.0,0.66,176.0
FRIDGE_700,1665.8,0.0,0,0,1,0,1,0,0,0,1,1,0,Liebherr,B,386.0,387,86.0,0.24,185.0
FRIDGE_701,425.66,0.0,0,0,1,1,1,0,1,0,0,0,0,Liebherr,F,98.0,92,131.0,0.3,63.0
FRIDGE_702,2015.19,0.0,0,0,1,0,0,0,0,1,1,0,0,Liebherr,C,338.0,314,128.0,0.35,185.0
FRIDGE_703,559.78,5.0,2,0,1,0,0,0,1,0,0,0,0,Liebherr,F,121.0,107,177.0,2.0,85.0
FRIDGE_704,396.51,4.5,2,0,1,0,1,0,1,0,0,0,0,Liebherr,F,133.0,116,182.0,0.498,85.0
FRIDGE_705,489.8,0.0,0,0,1,0,0,0,1,0,0,0,0,Indesit,F,209.0,209,127.0,0.35,1220.0
FRIDGE_706,480.0,0.0,0,1,0,0,0,0,0,0,1,0,0,Unknown,E,290.0,290,238.0,0.65,185.0
FRIDGE_707,492.84,0.0,0,0,1,0,0,0,1,0,0,0,0,Unknown,F,92.0,107,176.0,0.48,84.0
FRIDGE_708,979.79,0.0,0,0,0,0,0,0,0,0,0,0,0,Liebherr,D,286.0,286,137.0,0.38,177.2
FRIDGE_709,496.86,0.0,0,0,1,0,1,0,1,0,0,0,0,Snaige,E,254.0,254,105.0,0.287,145.0
FRIDGE_710,629.75,3.0,2,1,0,0,1,0,0,1,0,0,0,Liebherr,A++,233.0,189,187.0,0.512,140.1
FRIDGE_711,279.89,0.0,0,0,0,0,0,0,1,0,0,0,0,Amica,E,61.0,61,82.0,0.22,85.0
FRIDGE_712,501.47,3.0,2,1,0,0,1,0,1,0,0,0,0,Liebherr,F,233.0,189,187.0,0.51,140.1
FRIDGE_713,862.99,0.0,0,0,1,0,0,0,1,0,0,0,0,Liebherr,D,190.0,190,114.0,0.31,127.7
FRIDGE_714,338.2,0.0,0,0,1,0,0,0,1,0,0,0,0,Amica,A+,85.0,85,110.0,0.3,84.0
FRIDGE_715,492.84,0.0,0,0,1,0,0,0,0,1,0,0,0,Unknown,F,92.0,107,176.0,0.48,84.0
FRIDGE_716,783.8,0.0,0,0,1,0,0,0,1,0,0,0,0,Liebherr,A++,136.0,136,92.0,0.252,82.0
FRIDGE_717,5662.44,0.0,0,0,1,0,0,0,1,0,0,0,0,Smeg,D,34.0,34,61.0,0.17,72.5
FRIDGE_718,1189.52,5.0,1,1,0,0,0,0,0,1,0,0,0,LG,F,438.0,321,320.0,0.88,178.0
FRIDGE_719,618.09,0.0,0,0,1,0,0,0,1,0,0,0,0,Gorenje,F,398.0,398,153.0,0.42,185.0
FRIDGE_720,952.09,0.0,0,0,1,0,0,0,0,1,0,0,0,Grundig,E,365.0,365,143.0,0.39,186.0
FRIDGE_721,536.45,0.0,0,1,0,0,0,0,0,0,1,0,0,Sharp,E,252.0,252,206.0,0.56,166.0
FRIDGE_722,1049.58,0.0,0,0,0,0,0,0,1,0,1,0,0,Siemens,E,308.0,308,233.0,0.64,186.0
FRIDGE_723,1259.5,0.0,0,0,1,0,0,0,1,0,0,0,0,Liebherr,C,327.0,327,742.0,2.03,190.0
FRIDGE_724,653.07,0.0,0,0,0,0,0,0,0,0,0,0,0,Unknown,E,375.0,375,120.0,0.33,185.0
FRIDGE_725,1049.58,0.0,0,0,1,0,1,0,1,0,0,0,0,Gorenje,F,302.0,301,113.0,0.31,177.2
FRIDGE_726,619.25,0.0,0,0,1,0,0,0,1,0,0,0,0,Liebherr,F,214.0,214,126.0,0.35,114.0
FRIDGE_727,352.61,0.0,0,1,0,0,0,0,1,0,0,0,0,Sharp,E,243.0,243,178.0,0.488,160.0
FRIDGE_728,323.2,0.0,0,1,0,0,0,0,1,0,0,0,0,Unknown,E,201.0,201,178.0,0.49,160.0
FRIDGE_729,283.02,0.0,0,1,0,0,1,0,1,0,0,0,0,Unknown,E,213.0,171,177.0,0.48,144.0
FRIDGE_730,293.02,0.0,0,1,0,0,1,0,1,0,0,0,0,Unknown,E,168.0,126,180.0,0.49,122.0
FRIDGE_731,548.11,0.0,0,0,0,0,0,0,1,0,0,0,0,Midea,E,304.0,304,113.0,0.31,178.5
FRIDGE_732,1989.27,0.0,0,0,1,0,0,0,1,0,0,0,0,Liebherr,D,401.0,401,99.0,0.271,185.5
FRIDGE_733,641.41,0.0,0,1,0,0,0,0,0,0,1,0,0,Sharp,E,240.0,240,218.0,0.6,172.0
FRIDGE_734,429.16,0.0,0,0,1,0,0,0,1,0,0,0,0,Gorenje,F,271.0,271,134.0,0.37,145.0
FRIDGE_735,2351.81,0.0,0,0,1,0,1,0,0,0,1,1,0,Liebherr,C,384.0,384,107.0,0.29,185.5
FRIDGE_736,1567.79,0.0,0,0,1,0,1,0,0,0,1,0,0,Liebherr,C,386.0,387,108.0,0.3,185.0
FRIDGE_737,646.77,0.0,0,1,0,0,0,0,1,0,0,0,0,Sharp,E,243.0,243,218.0,0.597,177.0
FRIDGE_738,352.8,0.0,0,0,1,0,1,0,1,0,0,0,0,Liebherr,E,98.0,85,138.0,0.378,8.5
FRIDGE_739,3714.11,5.0,2,0,1,0,1,0,0,1,1,0,0,Liebherr,A,597.0,465,336.0,0.92,212.0
FRIDGE_740,3527.99,5.0,1,0,1,0,1,0,1,0,0,0,0,Liebherr,D,296.0,296,125.0,0.342,178.0
FRIDGE_741,1123.68,0.0,0,0,1,0,0,0,0,0,0,0,0,Unknown,D,281.0,260,128.0,0.35,150.0
FRIDGE_742,443.16,0.0,0,0,0,0,0,0,0,0,0,0,0,AEG,D,130.0,130,112.0,0.31,84.5
FRIDGE_743,1049.58,0.0,0,0,1,0,0,0,1,0,0,0,0,Unknown,E,121.0,104,148.0,0.41,87.5
FRIDGE_744,269.39,0.0,0,0,1,0,0,0,0,1,0,0,0,Candy,F,90.0,90,107.0,0.29,85.0
FRIDGE_745,431.2,0.0,0,0,1,0,1,0,1,0,0,0,0,Liebherr,D,126.0,126,75.0,0.197,8.5
FRIDGE_746,431.2,0.0,0,0,1,0,1,0,1,0,0,0,0,Liebherr,D,111.0,97,114.0,0.312,8.5
FRIDGE_747,1049.58,0.0,0,0,1,0,1,0,1,0,0,0,0,Gorenje,F,301.0,301,113.0,0.31,177.2
FRIDGE_748,2148.84,0.0,0,0,1,0,1,0,0,0,0,0,0,Liebherr,C,586.0,432,642.0,1.76,186.4
FRIDGE_749,653.07,0.0,0,0,1,0,1,0,1,0,0,0,0,Liebherr,F,136.0,136,118.0,0.321,85.0
FRIDGE_750,613.48,0.0,0,0,0,0,0,0,0,0,1,0,0,Unknown,D,60.0,60,60.0,0.16,64.0
FRIDGE_751,293.88,0.0,0,0,0,0,0,0,0,0,0,0,0,Unknown,E,128.0,128,89.0,0.24,84.7
FRIDGE_752,881.81,0.0,0,0,1,0,1,0,1,0,0,0,0,Liebherr,D,201.0,201,102.0,0.279,123.0
FRIDGE_753,807.01,0.0,0,0,1,0,0,0,0,1,0,0,0,Liebherr,C,84.0,84,73.0,0.2,88.0
FRIDGE_754,268.32,0.0,0,1,0,0,0,0,0,1,0,0,0,Unknown,F,204.0,204,221.0,0.605,143.0
FRIDGE_755,1475.48,0.0,0,0,1,0,0,0,1,0,0,0,0,Liebherr,E,382.0,382,158.0,0.432,185.5
FRIDGE_756,544.29,0.0,0,1,0,0,0,0,0,0,0,0,0,Unknown,E,252.0,252,195.0,0.534,172.5
FRIDGE_757,783.8,0.0,0,0,1,0,1,0,1,0,0,0,0,Liebherr,C,136.0,137,60.0,0.164,87.2
FRIDGE_758,489.8,0.0,0,1,0,0,0,0,1,0,0,0,0,Snaige,E,267.0,175,222.0,0.608,176.0
FRIDGE_759,315.41,0.0,0,0,1,1,0,0,1,0,0,0,0,Unknown,F,48.0,48,98.0,0.27,50.0
FRIDGE_760,1352.79,0.0,0,1,0,0,0,0,0,1,0,0,0,Amica,A++,231.0,161,197.0,0.54,170.0
FRIDGE_761,1749.3,0.0,0,0,0,0,0,0,0,0,1,0,0,Liebherr,B,109.0,109,177.0,0.48,81.8
FRIDGE_762,489.8,0.0,0,0,1,0,0,0,1,0,0,0,0,Whirlpool,F,209.0,209,127.0,0.35,122.0
FRIDGE_763,414.0,0.0,0,0,1,0,1,0,0,1,0,0,0,Liebherr,F,122.0,107,177.0,0.484,85.0
FRIDGE_764,685.8,0.0,0,0,1,0,1,0,1,0,0,0,0,Liebherr,E,118.0,102,147.0,0.402,89.0
FRIDGE_765,881.81,0.0,0,0,1,0,0,0,1,0,0,0,0,Liebherr,E,201.0,201,102.0,0.28,123.6
FRIDGE_766,492.84,0.0,0,0,1,0,0,0,0,0,0,0,0,Unknown,F,92.0,107,176.0,0.48,84.0
FRIDGE_767,783.8,0.0,0,0,1,0,1,0,1,0,0,0,0,Liebherr,D,166.0,166,77.0,0.211,102.2
FRIDGE_768,1103.96,0.0,0,0,1,0,0,0,1,0,0,0,0,Unknown,D,281.0,260,128.0,0.35,150.0
FRIDGE_769,1123.68,0.0,0,0,1,0,0,0,0,0,0,0,0,Unknown,D,281.0,260,128.0,0.35,150.0
FRIDGE_770,485.14,0.0,0,0,1,0,0,0,1,0,0,0,0,Gorenje,F,248.0,248,197.0,0.54,145.0
FRIDGE_771,1054.05,0.0,0,0,1,0,0,0,0,1,0,0,0,Unknown,C,130.0,130,103.0,0.28,62.0
FRIDGE_772,1103.96,0.0,0,0,1,0,0,0,0,0,0,0,0,Unknown,D,281.0,260,128.0,0.35,150.0
FRIDGE_773,783.8,0.0,0,0,1,0,1,0,1,0,0,0,0,Liebherr,C,117.0,102,94.0,0.258,87.2
FRIDGE_774,326.54,0.0,0,0,0,0,0,0,1,0,0,0,0,Amica,E,68.0,68,137.0,0.38,84.5
FRIDGE_775,209.72,0.0,0,0,1,0,0,0,1,0,0,0,0,Unknown,E,122.0,122,145.0,0.4,83.8
FRIDGE_776,842.6,0.0,0,0,0,0,0,0,0,0,0,0,0,Liebherr,D,182.0,182,119.0,0.33,121.6
FRIDGE_777,482.98,0.0,0,0,1,0,0,0,0,0,0,0,0,Unknown,F,92.0,107,176.0,0.48,84.0
FRIDGE_778,335.55,0.0,0,0,1,1,0,0,0,1,0,0,0,Unknown,F,48.0,48,98.0,0.27,50.0
FRIDGE_779,1174.43,0.0,0,0,1,0,0,0,1,0,0,0,0,Unknown,D,281.0,260,128.0,0.35,150.0
FRIDGE_780,489.8,0.0,0,0,0,0,0,0,1,0,0,0,0,Indesit,E,189.0,189,177.0,0.48,122.0
FRIDGE_781,2351.81,0.0,0,0,0,0,0,0,0,0,0,0,0,Liebherr,C,386.0,386,108.0,0.3,185.5
FRIDGE_782,372.25,0.0,0,0,0,0,0,0,0,0,0,0,0,Whirlpool,F,104.0,104,185.0,0.51,87.5
FRIDGE_783,1082.0,0.0,0,0,1,0,1,0,0,1,0,0,0,Liebherr,E,399.0,399,123.0,0.337,185.5
FRIDGE_784,489.8,0.0,0,0,0,0,0,0,0,0,0,0,0,AEG,E,130.0,130,141.0,0.39,85.0
FRIDGE_785,781.35,0.0,0,0,1,0,1,0,1,0,0,0,0,Liebherr,E,349.0,348,117.0,0.32,165.5
FRIDGE_786,384.41,0.0,0,1,0,0,1,0,1,0,0,0,0,Exquisit,E,205.0,162,175.0,0.48,145.0
FRIDGE_787,489.8,0.0,0,0,0,0,0,0,0,0,1,0,0,Unknown,E,255.0,255,105.0,0.29,145.0
FRIDGE_788,629.05,0.0,0,0,1,0,1,0,1,0,0,0,0,Liebherr,E,137.0,137,93.0,0.254,89.0
FRIDGE_789,583.1,0.0,0,0,1,0,1,0,1,0,0,0,0,AEG,E,142.0,142,93.0,0.25,88.0
FRIDGE_790,1026.84,0.0,0,0,1,0,1,0,1,0,0,0,0,Liebherr,D,166.0,166,77.0,0.211,102.2
FRIDGE_791,575.75,0.0,0,0,0,0,0,0,0,0,0,0,0,Unknown,E,286.0,286,176.0,0.48,176.9
FRIDGE_792,960.2,0.0,0,0,1,0,0,0,1,0,0,0,0,Liebherr,E,119.0,104,92.0,0.25,88.0
FRIDGE_793,279.89,0.0,0,0,0,0,0,0,0,0,0,0,0,Unknown,E,172.0,172,180.0,0.49,121.8
FRIDGE_794,881.81,0.0,0,0,0,0,0,0,0,0,0,0,0,Liebherr,D,399.0,399,98.0,0.27,185.5
FRIDGE_795,705.41,0.0,0,0,0,0,0,0,0,0,0,0,0,Liebherr,D,136.0,136,75.0,0.21,87.4
FRIDGE_796,544.29,0.0,0,1,0,0,0,0,0,0,0,0,0,Snaige,E,252.0,194,245.0,0.671,172.5
FRIDGE_797,489.8,0.0,0,0,0,0,0,0,0,0,0,0,0,Unknown,F,172.0,172,223.0,0.61,144.5
FRIDGE_798,545.27,0.0,0,1,0,0,0,0,1,0,0,0,0,Unknown,E,211.0,172,174.0,0.48,144.0
FRIDGE_799,293.88,0.0,0,0,0,0,0,0,0,0,0,0,0,Unknown,F,135.0,135,116.0,0.32,87.5
FRIDGE_800,1316.92,0.0,0,0,1,0,1,0,1,0,0,0,0,Liebherr,D,387.0,387,134.0,0.367,185.5
FRIDGE_801,718.38,0.0,0,0,1,0,0,0,0,0,0,0,0,Hisense,E,398.0,398,123.0,0.34,185.0
FRIDGE_802,594.76,0.0,0,0,1,0,0,0,0,0,0,0,0,Unknown,A+,115.0,112,110.0,0.3,83.5
FRIDGE_803,1430.6,0.0,0,0,1,0,1,0,1,0,0,0,0,Liebherr,C,386.0,387,108.0,0.3,185.0
FRIDGE_804,548.7,0.0,0,0,0,0,0,0,0,0,0,0,0,Unknown,F,189.0,189,188.0,0.52,122.5
FRIDGE_805,1566.82,0.0,0,0,1,0,0,0,1,0,0,0,0,Liebherr,D,301.0,301,89.0,0.24,178.8
FRIDGE_806,641.41,0.0,0,1,0,0,0,0,0,0,1,0,0,Hisense,E,325.0,325,216.0,0.59,170.0
FRIDGE_807,368.52,0.0,0,1,0,0,0,0,1,0,0,0,0,Sharp,E,243.0,243,178.0,0.49,160.0
FRIDGE_808,862.2,0.0,0,0,0,0,0,0,0,0,0,0,0,Unknown,D,60.0,60,60.0,0.16,69.0
FRIDGE_809,559.78,0.0,0,0,0,0,0,0,1,0,0,0,0,AEG,E,115.0,115,141.0,0.39,85.0
FRIDGE_810,1166.2,0.0,0,0,1,0,1,0,1,0,0,0,0,Liebherr,E,351.0,223,205.0,0.561,185.5
FRIDGE_811,548.09,0.0,0,0,1,0,0,0,1,0,0,0,0,Amica,A++,229.0,229,99.0,0.27,143.0
FRIDGE_812,466.48,0.0,0,0,1,0,0,0,1,0,0,0,0,Unknown,E,255.0,255,105.0,0.29,54.0
FRIDGE_813,4384.91,0.0,0,0,0,0,0,0,0,0,0,0,0,Liebherr,D,276.0,276,166.0,0.45,178.0
FRIDGE_814,1156.19,0.0,0,0,1,0,1,0,1,0,0,0,0,Liebherr,B,117.0,102,75.0,0.205,89.0
FRIDGE_815,2038.91,0.0,0,1,0,0,0,0,0,1,0,0,0,Unknown,C,210.0,210,103.0,0.28,91.0
FRIDGE_816,1632.68,0.0,0,0,1,0,1,0,1,0,0,0,0,Liebherr,D,276.0,250,164.0,0.449,178.0
FRIDGE_817,1180.43,0.0,0,0,1,0,1,0,0,1,0,0,0,Liebherr,E,382.0,382,158.0,0.432,59.7
FRIDGE_818,1959.8,0.0,0,0,1,0,1,0,1,0,0,0,0,Liebherr,B,224.0,225,73.0,0.2,141.3
FRIDGE_819,1156.19,0.0,0,0,1,0,1,0,1,0,0,0,0,Liebherr,C,189.0,190,92.0,0.252,121.3
FRIDGE_820,454.82,0.0,0,0,0,0,0,0,0,0,1,0,0,Unknown,E,242.0,242,104.0,0.28,142.6
FRIDGE_821,1632.68,0.0,0,0,0,0,0,0,0,0,0,0,0,Gorenje,E,58.0,58,318.0,0.87,178.6
FRIDGE_822,1154.54,0.0,0,1,0,0,0,0,0,1,0,0,0,Grundig,E,477.0,477,274.0,0.75,186.5
FRIDGE_823,586.6,0.0,0,0,0,0,0,0,1,0,0,0,0,AEG,E,146.0,146,92.0,0.25,84.5
FRIDGE_824,1548.2,0.0,0,0,1,0,1,0,1,0,0,0,0,Liebherr,C,191.0,191,91.0,0.249,121.3
FRIDGE_825,839.66,0.0,0,0,1,0,1,0,0,1,0,0,0,Liebherr,E,349.0,349,117.0,0.32,165.5
FRIDGE_826,1015.76,0.0,0,0,1,0,0,0,1,0,0,0,0,Liebherr,D,137.0,137,75.0,0.21,89.0
FRIDGE_827,594.76,0.0,0,0,1,0,0,0,1,0,0,0,0,Candy,F,286.0,286,220.0,0.6,177.0
FRIDGE_828,960.2,0.0,0,0,0,0,0,0,0,0,0,0,0,Liebherr,D,182.0,182,119.0,0.33,121.3
FRIDGE_829,705.41,0.0,0,0,1,0,1,0,1,0,0,0,0,Liebherr,D,118.0,102,118.0,0.323,89.0
FRIDGE_830,1115.32,0.0,0,1,0,0,1,0,0,1,1,0,0,Unknown,A,220.0,220,920.0,0.249,85.0
FRIDGE_831,3057.4,0.0,0,0,1,0,1,0,1,0,0,0,0,Liebherr,C,297.0,297,100.0,0.274,178.0
FRIDGE_832,1959.8,0.0,0,0,1,0,1,0,1,0,0,0,0,Liebherr,C,276.0,250,131.0,0.359,178.0
FRIDGE_833,1881.31,0.0,0,0,1,0,1,0,1,0,0,0,0,Liebherr,A,160.0,160,327.77,0.898,86.0
FRIDGE_834,1632.68,0.0,0,0,1,0,0,0,1,0,0,0,0,Liebherr,A+++,248.0,221,150.0,0.41,158.0
FRIDGE_835,1665.8,0.0,0,0,1,0,1,0,1,0,0,0,0,Liebherr,C,224.0,225,92.0,0.252,139.5
FRIDGE_836,1156.19,0.0,0,0,1,0,1,0,1,0,0,0,0,Liebherr,C,173.0,158,118.0,0.323,121.3
FRIDGE_837,1288.65,0.0,0,0,1,0,0,0,1,0,0,0,0,Liebherr,F,259.0,259,214.0,0.59,178.8
FRIDGE_838,1772.62,0.0,0,0,1,0,0,0,1,0,0,0,0,Liebherr,D,208.0,192,145.0,0.4,145.4
FRIDGE_839,1085.06,0.0,0,0,1,0,0,0,1,0,0,0,0,Liebherr,E,136.0,136,62.0,0.17,88.0
FRIDGE_840,466.48,0.0,0,0,0,0,0,0,0,0,0,0,0,Candy,F,197.0,197,125.0,0.34,122.1
FRIDGE_841,283.02,0.0,0,1,0,0,1,0,1,0,0,0,0,Unknown,E,213.0,171,177.0,0.48,144.0
FRIDGE_842,2902.16,0.0,0,0,1,0,1,0,1,0,0,0,0,Liebherr,B,191.0,191,72.0,0.197,121.6
FRIDGE_843,2547.8,0.0,0,0,0,0,0,0,0,0,0,0,0,Liebherr,C,386.0,386,108.0,0.3,185.5
FRIDGE_844,2704.6,0.0,0,0,1,0,1,0,1,0,0,0,0,Liebherr,D,293.0,293,125.0,0.342,178.0
FRIDGE_845,1567.79,0.0,0,1,0,0,1,0,1,0,0,0,0,Liebherr,E,274.0,258,152.0,0.416,178.0
FRIDGE_846,3331.81,0.0,0,0,1,0,1,0,1,0,0,0,0,Liebherr,C,276.0,250,131.0,0.359,178.0
FRIDGE_847,1469.81,0.0,0,0,1,0,1,0,1,0,0,0,0,Liebherr,B,157.0,158,74.0,0.203,104.0
FRIDGE_848,2215.78,0.0,0,0,1,0,0,0,0,1,0,0,0,Liebherr,C,390.0,390,63.0,0.171,185.0
FRIDGE_849,1665.8,0.0,0,0,0,0,0,0,0,0,0,0,0,Liebherr,D,384.0,384,134.0,0.37,185.0
FRIDGE_850,1284.47,0.0,0,1,0,0,1,0,0,1,1,0,0,Unknown,D,390.0,390,1140.0,0.293,85.0
FRIDGE_851,1273.79,0.0,0,0,1,0,1,0,1,0,0,0,0,Liebherr,C,223.0,223,91.0,0.249,139.5
FRIDGE_852,2351.81,0.0,0,0,0,0,0,0,0,0,0,0,0,Liebherr,B,191.0,191,72.0,0.2,122.0
FRIDGE_853,685.73,0.0,0,0,0,0,0,0,0,0,0,0,0,Liebherr,E,117.0,117,147.0,0.4,87.2
FRIDGE_854,1469.81,0.0,0,0,1,0,1,0,1,0,0,0,0,Liebherr,D,275.0,275,164.0,0.45,178.8
FRIDGE_855,1439.42,0.0,0,0,1,0,0,0,1,0,0,0,0,Liebherr,F,124.0,124,114.0,0.31,88.0
FRIDGE_856,685.8,0.0,0,0,0,0,0,0,0,0,0,0,0,Liebherr,E,136.0,136,93.0,0.25,87.2
FRIDGE_857,1068.73,0.0,0,0,1,0,0,0,1,0,0,0,0,Liebherr,F,124.0,124,91.0,0.249,82.0
FRIDGE_858,548.7,0.0,0,0,0,0,0,0,0,0,0,0,0,Grundig,F,198.0,198,125.0,0.34,121.5
FRIDGE_859,2410.54,0.0,0,0,1,0,0,0,1,0,0,0,0,Liebherr,D,250.0,250,164.0,0.45,178.0
FRIDGE_860,1384.28,0.0,0,0,0,0,0,0,0,0,0,0,0,Unknown,E,280.0,280,177.0,0.48,177.5
FRIDGE_861,1940.21,0.0,0,0,1,0,1,0,1,0,0,0,0,Liebherr,B,174.0,158,94.0,0.257,123.1
FRIDGE_862,3331.81,0.0,0,0,0,0,0,0,0,0,0,0,0,Liebherr,C,276.0,276,131.0,0.36,177.7
FRIDGE_863,1488.07,0.0,0,0,1,0,0,0,0,1,0,0,0,Liebherr,A++,231.0,231,125.0,0.34,140.0
FRIDGE_864,540.37,0.0,0,0,1,0,1,0,1,0,0,0,0,Snaige,E,296.0,294,110.0,0.301,165.0
FRIDGE_865,919.43,0.0,0,0,0,0,0,0,0,0,0,0,0,Liebherr,D,106.0,106,312.0,0.85,81.6
FRIDGE_866,932.96,0.0,0,0,1,0,0,0,1,0,0,0,0,Unknown,E,134.0,134,93.0,0.25,87.5
FRIDGE_867,3527.8,0.0,0,0,0,0,0,0,0,0,0,0,0,Liebherr,C,296.0,296,100.0,0.27,177.7
FRIDGE_868,2362.72,0.0,0,0,1,0,1,1,1,0,0,0,0,Liebherr,A,87.0,87,63.0,0.172,89.0
FRIDGE_869,3527.8,0.0,0,0,1,0,1,1,1,0,0,0,0,Liebherr,C,296.0,296,100.0,0.274,178.0
FRIDGE_870,3032.12,0.0,0,0,1,0,1,0,1,0,0,0,0,Liebherr,D,297.0,297,125.0,0.342,178.0
FRIDGE_871,1174.43,0.0,0,0,1,0,0,0,1,0,0,0,0,Unknown,D,281.0,260,128.0,0.35,150.0
FRIDGE_872,1103.96,0.0,0,0,1,0,0,0,0,0,0,0,0,Unknown,D,281.0,260,128.0,0.35,150.0
FRIDGE_873,1767.96,0.0,0,0,1,0,0,0,1,0,0,0,0,Liebherr,D,225.0,225,114.0,0.31,145.4
FRIDGE_874,1795.95,0.0,0,0,1,0,0,0,1,0,0,0,0,Liebherr,D,366.0,366,90.0,0.25,185.0
FRIDGE_875,646.07,0.0,0,0,1,0,0,0,1,0,0,0,0,Liebherr,D,102.0,102,118.0,0.32,88.0
FRIDGE_876,1077.8,0.0,0,0,1,0,1,0,1,0,0,0,0,Liebherr,C,156.0,157,92.0,0.252,102.2
FRIDGE_877,1119.55,0.0,0,0,0,0,0,0,0,0,0,0,0,Unknown,C,350.0,350,1139.0,3.12,195.0
FRIDGE_878,769.69,0.0,0,0,1,0,0,0,1,0,0,0,0,Liebherr,D,203.0,203,81.0,0.22,122.0
FRIDGE_879,842.6,0.0,0,0,0,0,0,0,0,0,0,0,0,Liebherr,D,201.0,201,81.0,0.22,121.6
FRIDGE_880,571.44,0.0,0,0,1,0,0,0,1,0,0,0,0,Liebherr,E,136.0,118,99.0,0.27,85.0
FRIDGE_881,443.16,0.0,0,0,0,0,0,0,1,0,0,0,0,Unknown,E,242.0,242,104.0,0.28,143.0
FRIDGE_882,996.46,0.0,0,0,1,0,1,0,1,0,0,0,0,Liebherr,E,183.0,167,149.0,0.41,122.0
FRIDGE_883,699.72,0.0,0,0,0,0,0,0,0,0,0,0,0,Unknown,F,259.0,259,245.0,0.67,143.0
FRIDGE_884,914.3,0.0,0,0,1,0,0,0,1,0,0,0,0,Liebherr,D,167.0,167,119.0,0.33,122.0
FRIDGE_885,862.99,0.0,0,0,0,0,0,0,0,0,0,0,0,Unknown,E,282.0,282,233.0,0.64,192.0
FRIDGE_886,1119.55,0.0,0,0,0,0,0,0,1,0,0,0,0,Unknown,C,350.0,350,1139.0,3.12,195.0
FRIDGE_887,1072.9,0.0,0,0,0,0,0,0,1,0,0,0,0,Liebherr,E,182.0,182,149.0,0.41,122.0
FRIDGE_888,1920.62,0.0,0,0,1,0,1,0,1,0,0,0,0,Liebherr,B,157.0,191,72.0,0.197,123.1
FRIDGE_889,1313.0,0.0,0,0,1,0,1,0,1,0,0,0,0,Liebherr,D,286.0,259,137.0,0.375,178.0
FRIDGE_890,1548.2,0.0,0,0,1,0,1,0,1,0,0,0,0,Liebherr,C,174.0,159,118.0,0.323,121.3
FRIDGE_891,1328.68,0.0,0,0,1,0,0,0,1,0,0,0,0,Liebherr,C,80.0,80,96.0,0.26,88.0
FRIDGE_892,2309.08,0.0,0,0,1,0,1,1,0,1,1,0,0,Liebherr,D,387.0,387,134.0,0.367,185.5
FRIDGE_893,1931.23,0.0,0,0,1,0,0,0,1,0,0,0,0,Liebherr,E,275.0,248,204.0,0.56,178.8
FRIDGE_894,1103.96,0.0,0,0,1,0,0,0,0,0,0,0,0,Unknown,D,281.0,260,128.0,0.35,150.0
FRIDGE_895,2743.81,0.0,0,0,1,0,1,0,1,0,0,0,0,Liebherr,C,276.0,250,131.0,0.359,178.0
FRIDGE_896,2340.56,0.0,0,0,1,0,0,0,1,0,0,0,0,Liebherr,D,296.0,296,125.0,0.34,178.0
FRIDGE_897,2939.8,0.0,0,0,1,0,1,1,1,0,0,0,0,Liebherr,C,296.0,296,100.0,0.274,178.0
FRIDGE_898,1497.4,0.0,0,0,1,0,0,0,1,0,0,0,0,Liebherr,A++,181.0,181,101.0,0.28,102.0
FRIDGE_899,1514.89,0.0,0,0,1,0,0,0,1,0,0,0,0,Liebherr,D,208.0,192,145.0,0.4,145.4
FRIDGE_900,1920.62,0.0,0,0,1,0,1,0,1,0,0,0,0,Liebherr,C,207.0,192,116.0,0.318,139.5
FRIDGE_901,1136.6,0.0,0,0,1,0,1,0,1,0,0,0,0,Liebherr,C,136.0,137,60.0,0.164,87.2
FRIDGE_902,2351.81,0.0,0,0,1,0,1,0,1,0,0,0,0,Liebherr,B,191.0,191,72.0,0.197,123.6
FRIDGE_903,2449.81,0.0,0,0,0,0,0,0,0,0,0,0,0,Liebherr,D,371.0,371,133.0,0.36,185.0
FRIDGE_904,1282.82,0.0,0,0,1,0,0,0,1,0,0,0,0,Liebherr,D,207.0,191,145.0,0.4,145.4
FRIDGE_905,1665.8,0.0,0,0,1,0,1,0,1,0,0,0,0,Liebherr,C,207.0,192,116.0,0.318,139.5
FRIDGE_906,3331.8,0.0,0,0,1,0,1,0,1,0,0,0,0,Liebherr,D,274.0,274,163.0,0.446,178.0
FRIDGE_907,2246.78,0.0,0,0,1,0,1,0,1,0,0,0,0,Liebherr,E,294.0,294,156.0,0.42,177.2
FRIDGE_908,3889.3,0.0,0,0,1,0,1,1,1,0,0,0,0,Liebherr,D,296.0,296,125.0,0.34,177.2
FRIDGE_909,3331.81,0.0,0,0,1,0,1,0,1,0,0,0,0,Liebherr,D,273.0,247,163.0,0.447,178.0
FRIDGE_910,1469.8,0.0,0,0,1,0,0,0,1,0,0,0,0,Liebherr,D,158.0,158,116.0,0.32,108.1
FRIDGE_911,1286.32,0.0,0,0,1,0,0,0,1,0,0,0,0,Liebherr,C,420.0,289,514.0,1.41,188.4
FRIDGE_912,1861.82,0.0,0,0,1,0,1,0,1,0,0,0,0,Liebherr,D,238.0,211,155.0,0.425,157.2
FRIDGE_913,1273.79,0.0,0,0,1,0,1,0,1,0,0,0,0,Liebherr,C,206.0,191,116.0,0.318,139.5
FRIDGE_914,1273.79,0.0,0,0,0,0,0,0,0,0,0,0,0,Liebherr,C,401.0,401,79.0,0.22,185.5
FRIDGE_915,2155.81,0.0,0,1,0,0,1,0,1,0,0,0,0,Liebherr,E,265.0,250,176.0,0.482,178.0
FRIDGE_916,1940.2,0.0,0,0,0,0,0,0,0,0,0,0,0,Liebherr,D,174.0,174,148.0,0.41,121.3
FRIDGE_917,1103.96,0.0,0,0,1,0,0,0,0,1,0,0,0,Unknown,D,281.0,260,128.0,0.35,150.0
FRIDGE_918,1457.75,0.0,0,0,1,0,0,0,1,0,0,0,0,Liebherr,D,223.0,223,114.0,0.31,145.4
FRIDGE_919,2351.8,0.0,0,0,1,0,1,0,1,0,0,0,0,Liebherr,D,191.0,191,114.0,0.312,122.6
FRIDGE_920,450.8,4.69,16,1,0,0,0,0,1,0,0,0,0,Fram,F,312.0,242,261.0,0.72,179.4
FRIDGE_921,793.8,0.0,0,0,1,0,1,0,0,0,0,0,0,Electrolux,E,311.0,311,114.0,0.31,178.0
FRIDGE_922,411.6,4.62,73,1,0,0,0,0,0,1,0,0,0,Beko,F,375.0,277,307.7,0.843,172.0
FRIDGE_923,705.6,0.0,0,0,1,0,1,0,0,0,0,0,0,AEG,E,276.0,201,148.0,0.41,176.9
FRIDGE_924,392.0,4.6,5,1,0,0,1,0,1,0,0,0,0,Indesit,A+,306.0,236,265.0,0.73,175.0
FRIDGE_925,448.84,4.72,36,0,1,0,0,1,0,1,0,0,0,Heinner,F,389.0,389,152.0,0.42,186.0
FRIDGE_926,980.0,4.83,6,1,0,0,0,1,0,1,1,0,0,Daewoo,A++,558.0,397,339.0,0.93,177.3
FRIDGE_927,313.6,4.92,25,1,0,0,1,0,0,1,1,0,0,Beko,A+,278.0,209,255.0,0.7,162.0
FRIDGE_928,627.2,4.21,14,1,0,0,1,0,0,1,0,0,0,Beko,A++,450.0,347,306.0,0.84,185.0
FRIDGE_929,274.4,4.32,37,1,0,0,1,0,1,0,0,0,0,Arctic,A+,250.0,204,235.0,0.64,166.3
FRIDGE_930,176.4,5.0,1,0,1,0,0,0,1,0,0,0,0,TCL,E,90.0,90,85.0,0.23,83.0
FRIDGE_931,764.4,0.0,0,1,0,0,0,0,0,0,0,0,0,Fram,E,311.0,242,209.0,0.57,179.4
FRIDGE_932,529.2,3.71,14,1,0,0,0,0,1,0,0,0,0,Hotpoint,A+,419.0,318,375.0,1.03,180.0
FRIDGE_933,333.2,3.89,9,1,0,0,0,0,1,0,0,0,0,Indesit,A+,226.0,226,228.0,0.62,140.0
FRIDGE_934,981.96,0.0,0,0,1,0,0,0,1,0,0,0,0,Bosch,E,324.0,324,113.0,0.31,176.0
FRIDGE_935,215.6,4.52,56,0,1,0,1,0,1,0,0,0,0,Arctic,A+,138.0,118,184.0,0.5,101.7
FRIDGE_936,419.44,4.75,4,0,1,0,0,0,1,0,0,0,0,Indesit,F,323.0,323,142.0,0.39,167.0
FRIDGE_937,627.2,4.35,55,1,0,0,1,0,0,1,0,0,0,Beko,A++,471.0,368,312.0,0.85,193.0
FRIDGE_938,207.76,4.41,179,1,0,0,1,0,1,0,0,0,0,Arctic,A++,306.0,237,208.0,0.57,175.4
FRIDGE_939,401.6,4.72,69,1,0,0,1,0,1,0,0,0,0,Heinner,F,240.0,201,223.0,0.61,160.0
FRIDGE_940,307.72,4.71,7,0,1,0,1,0,1,0,0,0,0,Arctic,F,222.0,203,189.0,0.52,143.9
FRIDGE_941,419.44,4.72,69,1,0,0,1,0,0,1,0,0,0,Heinner,F,240.0,198,222.0,0.61,160.0
FRIDGE_942,350.84,4.07,14,1,0,0,1,0,1,0,0,0,0,Beko,F,220.0,176,232.0,0.64,144.8
FRIDGE_943,1136.6,4.24,49,1,0,0,0,1,0,1,0,0,0,LG,E,592.0,418,323.0,0.88,184.0
FRIDGE_944,979.8,0.0,0,0,1,0,1,0,1,0,0,0,0,Electrolux,E,311.0,311,114.0,0.31,177.2
FRIDGE_945,360.64,4.56,25,1,0,0,1,0,1,0,0,0,0,Arctic,F,278.0,209,259.0,0.71,162.0
FRIDGE_946,294.0,0.0,0,0,1,0,1,0,1,0,0,0,0,Gorenje,E,129.0,129,92.0,0.92,88.0
FRIDGE_947,944.72,0.0,0,0,1,0,1,0,0,1,0,0,0,Bosch,E,346.0,346,116.0,0.32,186.0
FRIDGE_948,888.66,0.0,0,1,0,0,1,0,1,0,0,0,0,Samsung,D,264.0,190,185.0,0.51,177.5
FRIDGE_949,352.8,5.0,1,0,1,0,1,0,1,0,0,0,0,Liebherr,F,213.0,213,126.0,0.344,117.5
FRIDGE_950,468.83,0.0,0,1,0,0,1,0,0,1,0,0,0,Beko,E,253.0,204,228.0,0.625,160.6
FRIDGE_951,627.2,4.49,253,1,0,0,1,1,0,1,0,0,0,Beko,A+,471.0,368,397.0,1.09,193.0
FRIDGE_952,935.31,0.0,0,0,1,0,1,0,0,1,1,0,0,Bosch,E,324.0,324,113.0,0.31,176.0
FRIDGE_953,422.18,0.0,0,0,1,0,1,0,1,0,0,0,0,Candy,E,179.0,163,148.0,0.41,127.0
FRIDGE_954,851.42,0.0,0,0,1,0,1,0,0,0,0,0,0,Gorenje,D,398.0,398,98.0,0.27,185.0
FRIDGE_955,1401.79,0.0,0,1,0,0,1,0,1,0,0,0,0,Electrolux,D,269.0,192,172.0,0.47,189.4
FRIDGE_956,921.2,0.0,0,0,1,0,1,0,0,1,0,0,0,Liebherr,D,399.0,399,98.0,0.268,185.5
FRIDGE_957,215.6,4.53,70,1,0,0,1,0,1,0,0,0,0,Heinner,A+,205.0,164,217.0,0.59,143.4
FRIDGE_958,254.8,4.68,78,1,0,0,1,0,1,0,0,0,0,Arctic,A+,223.0,177,226.0,0.62,145.8
FRIDGE_959,2136.4,0.0,0,1,0,0,1,0,1,0,0,0,0,Miele,C,253.0,183,145.0,0.39,177.2
FRIDGE_960,301.84,4.33,3,0,1,0,1,0,1,0,0,0,0,Heinner,F,135.0,135,114.0,0.31,83.8
FRIDGE_961,629.16,5.0,1,0,1,0,0,0,0,1,0,0,0,Bosch,F,123.0,108,180.0,0.49,82.0
FRIDGE_962,205.8,0.0,0,0,1,0,1,0,1,0,0,0,0,Tesla,F,113.0,97,175.0,0.48,84.5
FRIDGE_963,548.8,5.0,1,0,1,0,1,0,0,1,0,0,0,Daewoo,E,331.0,331,143.0,0.57,170.0
FRIDGE_964,333.2,4.0,1,1,0,0,1,0,1,0,0,0,0,Tesla,F,235.0,194,221.0,0.625,159.0
FRIDGE_965,422.18,0.0,0,1,0,0,1,0,1,0,0,0,0,Candy,E,212.0,171,177.0,0.48,145.0
FRIDGE_966,656.4,4.06,124,1,0,0,1,0,0,1,0,0,0,Hotpoint,F,454.0,351,387.0,1.06,190.0
FRIDGE_967,313.6,0.0,0,1,0,0,1,0,1,0,0,0,0,Tesla,F,206.0,169,215.0,0.589,143.0
FRIDGE_968,1131.31,0.0,0,0,1,0,1,0,1,0,0,0,0,AEG,D,311.0,311,91.0,0.25,178.0
FRIDGE_969,196.0,4.3,57,0,1,0,1,0,1,0,0,0,0,Heinner,A+,100.0,100,118.0,0.32,83.9
FRIDGE_970,803.6,0.0,0,0,1,0,1,0,1,0,0,0,0,Liebherr,F,349.0,348,146.0,0.4,172.7
FRIDGE_971,448.84,4.4,148,1,0,0,0,0,1,0,0,0,0,Indesit,A+,416.0,333,282.0,0.77,180.0
FRIDGE_972,291.65,4.58,24,1,0,0,1,0,1,0,0,0,0,Star-Light,F,242.0,201,223.0,0.61,160.0
FRIDGE_973,1254.4,0.0,0,0,1,0,0,0,0,1,1,0,0,Liebherr,E,351.0,317,205.0,0.561,185.5
FRIDGE_974,607.6,0.0,0,0,0,0,1,0,1,0,0,0,0,AEG,E,188.0,174,146.0,0.4,121.8
FRIDGE_975,695.8,0.0,0,0,1,0,1,0,1,0,0,0,0,Liebherr,D,298.0,298,89.0,0.243,145.5
FRIDGE_970,803.6,0.0,0,0,1,0,1,0,1,0,0,0,0,Liebherr,F,349.0,348,146.0,0.4,172.7
FRIDGE_971,448.84,4.4,148,1,0,0,0,0,1,0,0,0,0,Indesit,A+,416.0,333,282.0,0.77,180.0
FRIDGE_972,291.65,4.58,24,1,0,0,1,0,1,0,0,0,0,Star-Light,F,242.0,201,223.0,0.61,160.0
FRIDGE_973,1254.4,0.0,0,0,1,0,0,0,0,1,1,0,0,Liebherr,E,351.0,317,205.0,0.561,185.5
FRIDGE_974,607.6,0.0,0,0,0,0,1,0,1,0,0,0,0,AEG,E,188.0,174,146.0,0.4,121.8